"","OTU","Sample","Abundance","Replicates","Treatment","Genotype","Day","Kingdom","Phylum","Class","Order","Family","Genus"
"1","3a625aba8cc8cdd34c30616d25bd3fdb","R1D2BW",0.119295579493139,1,"Wastewater_Control","CONTROL","D2","d__Bacteria","Proteobacteria","Gammaproteobacteria","Burkholderiales","Burkholderiaceae",NA
"2","3a625aba8cc8cdd34c30616d25bd3fdb","MBSF26",0.111694662018382,2,"Wastewater_Daphnia","LRV_12_3","D3","d__Bacteria","Proteobacteria","Gammaproteobacteria","Burkholderiales","Burkholderiaceae",NA
"3","3a625aba8cc8cdd34c30616d25bd3fdb","MBSF22",0.107279523004361,1,"Wastewater_Daphnia","LRV_12_3","D2","d__Bacteria","Proteobacteria","Gammaproteobacteria","Burkholderiales","Burkholderiaceae",NA
"4","3a625aba8cc8cdd34c30616d25bd3fdb","MBSF31",0.106603058540283,1,"Wastewater_Daphnia","LR2_36_1","D2","d__Bacteria","Proteobacteria","Gammaproteobacteria","Burkholderiales","Burkholderiaceae",NA
"5","3a625aba8cc8cdd34c30616d25bd3fdb","R1D3BW",0.0941815913748552,1,"Wastewater_Control","CONTROL","D3","d__Bacteria","Proteobacteria","Gammaproteobacteria","Burkholderiales","Burkholderiaceae",NA
"6","3a625aba8cc8cdd34c30616d25bd3fdb","MBSF4",0.0704822233126645,1,"Wastewater_Daphnia","LRV_0_1","D2","d__Bacteria","Proteobacteria","Gammaproteobacteria","Burkholderiales","Burkholderiaceae",NA
"7","3a625aba8cc8cdd34c30616d25bd3fdb","R3D3BW",0.0683417980932015,3,"Wastewater_Control","CONTROL","D3","d__Bacteria","Proteobacteria","Gammaproteobacteria","Burkholderiales","Burkholderiaceae",NA
"8","3a625aba8cc8cdd34c30616d25bd3fdb","MBSF6",0.0594649931009926,3,"Wastewater_Daphnia","LRV_0_1","D2","d__Bacteria","Proteobacteria","Gammaproteobacteria","Burkholderiales","Burkholderiaceae",NA
"9","3a625aba8cc8cdd34c30616d25bd3fdb","MBSF8",0.0569719861504564,2,"Wastewater_Daphnia","LRV_0_1","D3","d__Bacteria","Proteobacteria","Gammaproteobacteria","Burkholderiales","Burkholderiaceae",NA
"10","3a625aba8cc8cdd34c30616d25bd3fdb","MBSF7",0.0560747663551402,1,"Wastewater_Daphnia","LRV_0_1","D3","d__Bacteria","Proteobacteria","Gammaproteobacteria","Burkholderiales","Burkholderiaceae",NA
"11","3a625aba8cc8cdd34c30616d25bd3fdb","R2D1BW",0.0555778044764829,2,"Wastewater_Control","CONTROL","D1","d__Bacteria","Proteobacteria","Gammaproteobacteria","Burkholderiales","Burkholderiaceae",NA
"12","3a625aba8cc8cdd34c30616d25bd3fdb","R3D1BW",0.055083047602084,3,"Wastewater_Control","CONTROL","D1","d__Bacteria","Proteobacteria","Gammaproteobacteria","Burkholderiales","Burkholderiaceae",NA
"13","3a625aba8cc8cdd34c30616d25bd3fdb","MBSF16",0.0549831271091114,1,"Wastewater_Daphnia","LRV_8.5_3","D3","d__Bacteria","Proteobacteria","Gammaproteobacteria","Burkholderiales","Burkholderiaceae",NA
"14","3a625aba8cc8cdd34c30616d25bd3fdb","MBSF23",0.0547177365541172,2,"Wastewater_Daphnia","LRV_12_3","D2","d__Bacteria","Proteobacteria","Gammaproteobacteria","Burkholderiales","Burkholderiaceae",NA
"15","3a625aba8cc8cdd34c30616d25bd3fdb","MBSF5",0.053671562082777,2,"Wastewater_Daphnia","LRV_0_1","D2","d__Bacteria","Proteobacteria","Gammaproteobacteria","Burkholderiales","Burkholderiaceae",NA
"16","3a625aba8cc8cdd34c30616d25bd3fdb","MBSF9",0.0487426406827621,3,"Wastewater_Daphnia","LRV_0_1","D3","d__Bacteria","Proteobacteria","Gammaproteobacteria","Burkholderiales","Burkholderiaceae",NA
"17","3a625aba8cc8cdd34c30616d25bd3fdb","MBSF13",0.0462211118051218,1,"Wastewater_Daphnia","LRV_8.5_3","D2","d__Bacteria","Proteobacteria","Gammaproteobacteria","Burkholderiales","Burkholderiaceae",NA
"18","3a625aba8cc8cdd34c30616d25bd3fdb","R2D2BW",0.0434183628121945,2,"Wastewater_Control","CONTROL","D2","d__Bacteria","Proteobacteria","Gammaproteobacteria","Burkholderiales","Burkholderiaceae",NA
"19","3a625aba8cc8cdd34c30616d25bd3fdb","MBSF2",0.0406305506216696,2,"Wastewater_Daphnia","LRV_0_1","D1","d__Bacteria","Proteobacteria","Gammaproteobacteria","Burkholderiales","Burkholderiaceae",NA
"20","3a625aba8cc8cdd34c30616d25bd3fdb","MBSF1",0.0400951867816092,1,"Wastewater_Daphnia","LRV_0_1","D1","d__Bacteria","Proteobacteria","Gammaproteobacteria","Burkholderiales","Burkholderiaceae",NA
"21","3a625aba8cc8cdd34c30616d25bd3fdb","MBSF32",0.0377116116896821,2,"Wastewater_Daphnia","LR2_36_1","D2","d__Bacteria","Proteobacteria","Gammaproteobacteria","Burkholderiales","Burkholderiaceae",NA
"22","3a625aba8cc8cdd34c30616d25bd3fdb","R2D3BW",0.0359910913140312,2,"Wastewater_Control","CONTROL","D3","d__Bacteria","Proteobacteria","Gammaproteobacteria","Burkholderiales","Burkholderiaceae",NA
"23","3a625aba8cc8cdd34c30616d25bd3fdb","R1D1BW",0.0348648648648649,1,"Wastewater_Control","CONTROL","D1","d__Bacteria","Proteobacteria","Gammaproteobacteria","Burkholderiales","Burkholderiaceae",NA
"24","3a625aba8cc8cdd34c30616d25bd3fdb","MBSF28",0.0306954213051376,1,"Wastewater_Daphnia","LR2_36_1","D1","d__Bacteria","Proteobacteria","Gammaproteobacteria","Burkholderiales","Burkholderiaceae",NA
"25","3a625aba8cc8cdd34c30616d25bd3fdb","MBSF20",0.0292025957862921,2,"Wastewater_Daphnia","LRV_12_3","D1","d__Bacteria","Proteobacteria","Gammaproteobacteria","Burkholderiales","Burkholderiaceae",NA
"26","3a625aba8cc8cdd34c30616d25bd3fdb","MBSF3",0.0257341403272809,3,"Wastewater_Daphnia","LRV_0_1","D1","d__Bacteria","Proteobacteria","Gammaproteobacteria","Burkholderiales","Burkholderiaceae",NA
"27","3a625aba8cc8cdd34c30616d25bd3fdb","MBSF19",0.0248947464762951,1,"Wastewater_Daphnia","LRV_12_3","D1","d__Bacteria","Proteobacteria","Gammaproteobacteria","Burkholderiales","Burkholderiaceae",NA
"28","3a625aba8cc8cdd34c30616d25bd3fdb","MBSF25",0.0220840679224274,1,"Wastewater_Daphnia","LRV_12_3","D3","d__Bacteria","Proteobacteria","Gammaproteobacteria","Burkholderiales","Burkholderiaceae",NA
"29","3a625aba8cc8cdd34c30616d25bd3fdb","MBSF10",0.0220808886102029,1,"Wastewater_Daphnia","LRV_8.5_3","D1","d__Bacteria","Proteobacteria","Gammaproteobacteria","Burkholderiales","Burkholderiaceae",NA
"30","3a625aba8cc8cdd34c30616d25bd3fdb","MBSF17",0.0193273887656724,2,"Wastewater_Daphnia","LRV_8.5_3","D3","d__Bacteria","Proteobacteria","Gammaproteobacteria","Burkholderiales","Burkholderiaceae",NA
"31","3a625aba8cc8cdd34c30616d25bd3fdb","MBSF24",0.0187313750532141,3,"Wastewater_Daphnia","LRV_12_3","D2","d__Bacteria","Proteobacteria","Gammaproteobacteria","Burkholderiales","Burkholderiaceae",NA
"32","3a625aba8cc8cdd34c30616d25bd3fdb","MBSF30",0.0180548536775853,3,"Wastewater_Daphnia","LR2_36_1","D1","d__Bacteria","Proteobacteria","Gammaproteobacteria","Burkholderiales","Burkholderiaceae",NA
"33","3a625aba8cc8cdd34c30616d25bd3fdb","MBSF15",0.00967756321634036,3,"Wastewater_Daphnia","LRV_8.5_3","D2","d__Bacteria","Proteobacteria","Gammaproteobacteria","Burkholderiales","Burkholderiaceae",NA
"34","3a625aba8cc8cdd34c30616d25bd3fdb","MBSF14",0.00533546752034147,2,"Wastewater_Daphnia","LRV_8.5_3","D2","d__Bacteria","Proteobacteria","Gammaproteobacteria","Burkholderiales","Burkholderiaceae",NA
"35","3a625aba8cc8cdd34c30616d25bd3fdb","MBSF12",0.00362578334825425,3,"Wastewater_Daphnia","LRV_8.5_3","D1","d__Bacteria","Proteobacteria","Gammaproteobacteria","Burkholderiales","Burkholderiaceae",NA
"36","3a625aba8cc8cdd34c30616d25bd3fdb","MBSF11",0.00227252473041618,2,"Wastewater_Daphnia","LRV_8.5_3","D1","d__Bacteria","Proteobacteria","Gammaproteobacteria","Burkholderiales","Burkholderiaceae",NA
"37","3a625aba8cc8cdd34c30616d25bd3fdb","R3D2BW8532",0.00157650556281249,3,"Wastewater_Control","CONTROL","D2","d__Bacteria","Proteobacteria","Gammaproteobacteria","Burkholderiales","Burkholderiaceae",NA
"38","64103f6795b02ed78383eea1ab6d29a2","MBSF17",0.268320282442403,2,"Wastewater_Daphnia","LRV_8.5_3","D3","d__Bacteria","Bacteroidota","Bacteroidia","Chitinophagales","Chitinophagaceae",NA
"39","64103f6795b02ed78383eea1ab6d29a2","MBSF15",0.247156937073541,3,"Wastewater_Daphnia","LRV_8.5_3","D2","d__Bacteria","Bacteroidota","Bacteroidia","Chitinophagales","Chitinophagaceae",NA
"40","64103f6795b02ed78383eea1ab6d29a2","R3D2BW8532",0.245124093509301,3,"Wastewater_Control","CONTROL","D2","d__Bacteria","Bacteroidota","Bacteroidia","Chitinophagales","Chitinophagaceae",NA
"41","64103f6795b02ed78383eea1ab6d29a2","MBSF14",0.242585923258192,2,"Wastewater_Daphnia","LRV_8.5_3","D2","d__Bacteria","Bacteroidota","Bacteroidia","Chitinophagales","Chitinophagaceae",NA
"42","64103f6795b02ed78383eea1ab6d29a2","MBSF12",0.236481647269472,3,"Wastewater_Daphnia","LRV_8.5_3","D1","d__Bacteria","Bacteroidota","Bacteroidia","Chitinophagales","Chitinophagaceae",NA
"43","64103f6795b02ed78383eea1ab6d29a2","MBSF19",0.19691561413143,1,"Wastewater_Daphnia","LRV_12_3","D1","d__Bacteria","Bacteroidota","Bacteroidia","Chitinophagales","Chitinophagaceae",NA
"44","64103f6795b02ed78383eea1ab6d29a2","MBSF11",0.190401924962125,2,"Wastewater_Daphnia","LRV_8.5_3","D1","d__Bacteria","Bacteroidota","Bacteroidia","Chitinophagales","Chitinophagaceae",NA
"45","64103f6795b02ed78383eea1ab6d29a2","MBSF24",0.0040206234331394,3,"Wastewater_Daphnia","LRV_12_3","D2","d__Bacteria","Bacteroidota","Bacteroidia","Chitinophagales","Chitinophagaceae",NA
"46","64103f6795b02ed78383eea1ab6d29a2","MBSF28",0.00377288182961479,1,"Wastewater_Daphnia","LR2_36_1","D1","d__Bacteria","Bacteroidota","Bacteroidia","Chitinophagales","Chitinophagaceae",NA
"47","64103f6795b02ed78383eea1ab6d29a2","MBSF30",0.00349152386640327,3,"Wastewater_Daphnia","LR2_36_1","D1","d__Bacteria","Bacteroidota","Bacteroidia","Chitinophagales","Chitinophagaceae",NA
"48","64103f6795b02ed78383eea1ab6d29a2","MBSF1",0.00327765804597701,1,"Wastewater_Daphnia","LRV_0_1","D1","d__Bacteria","Bacteroidota","Bacteroidia","Chitinophagales","Chitinophagaceae",NA
"49","64103f6795b02ed78383eea1ab6d29a2","MBSF32",0.00247740514749736,2,"Wastewater_Daphnia","LR2_36_1","D2","d__Bacteria","Bacteroidota","Bacteroidia","Chitinophagales","Chitinophagaceae",NA
"50","64103f6795b02ed78383eea1ab6d29a2","MBSF10",0.00197070811125543,1,"Wastewater_Daphnia","LRV_8.5_3","D1","d__Bacteria","Bacteroidota","Bacteroidia","Chitinophagales","Chitinophagaceae",NA
"51","64103f6795b02ed78383eea1ab6d29a2","MBSF25",0.00176301382574,1,"Wastewater_Daphnia","LRV_12_3","D3","d__Bacteria","Bacteroidota","Bacteroidia","Chitinophagales","Chitinophagaceae",NA
"52","64103f6795b02ed78383eea1ab6d29a2","R1D1BW",0.00148648648648649,1,"Wastewater_Control","CONTROL","D1","d__Bacteria","Bacteroidota","Bacteroidia","Chitinophagales","Chitinophagaceae",NA
"53","64103f6795b02ed78383eea1ab6d29a2","R2D3BW",0.00129175946547884,2,"Wastewater_Control","CONTROL","D3","d__Bacteria","Bacteroidota","Bacteroidia","Chitinophagales","Chitinophagaceae",NA
"54","64103f6795b02ed78383eea1ab6d29a2","R3D3BW",0.000712821883631828,3,"Wastewater_Control","CONTROL","D3","d__Bacteria","Bacteroidota","Bacteroidia","Chitinophagales","Chitinophagaceae",NA
"55","64103f6795b02ed78383eea1ab6d29a2","MBSF23",0.000667289470172161,2,"Wastewater_Daphnia","LRV_12_3","D2","d__Bacteria","Bacteroidota","Bacteroidia","Chitinophagales","Chitinophagaceae",NA
"56","64103f6795b02ed78383eea1ab6d29a2","MBSF8",0.000629524708844822,2,"Wastewater_Daphnia","LRV_0_1","D3","d__Bacteria","Bacteroidota","Bacteroidia","Chitinophagales","Chitinophagaceae",NA
"57","64103f6795b02ed78383eea1ab6d29a2","R3D1BW",0.000534354544240103,3,"Wastewater_Control","CONTROL","D1","d__Bacteria","Bacteroidota","Bacteroidia","Chitinophagales","Chitinophagaceae",NA
"58","64103f6795b02ed78383eea1ab6d29a2","MBSF9",0.000410752590023276,3,"Wastewater_Daphnia","LRV_0_1","D3","d__Bacteria","Bacteroidota","Bacteroidia","Chitinophagales","Chitinophagaceae",NA
"59","64103f6795b02ed78383eea1ab6d29a2","MBSF16",0.000404949381327334,1,"Wastewater_Daphnia","LRV_8.5_3","D3","d__Bacteria","Bacteroidota","Bacteroidia","Chitinophagales","Chitinophagaceae",NA
"60","64103f6795b02ed78383eea1ab6d29a2","R1D2BW",0.000402270594019577,1,"Wastewater_Control","CONTROL","D2","d__Bacteria","Bacteroidota","Bacteroidia","Chitinophagales","Chitinophagaceae",NA
"61","64103f6795b02ed78383eea1ab6d29a2","MBSF4",0.000401481018869608,1,"Wastewater_Daphnia","LRV_0_1","D2","d__Bacteria","Bacteroidota","Bacteroidia","Chitinophagales","Chitinophagaceae",NA
"62","64103f6795b02ed78383eea1ab6d29a2","MBSF20",0.00040003555871633,2,"Wastewater_Daphnia","LRV_12_3","D1","d__Bacteria","Bacteroidota","Bacteroidia","Chitinophagales","Chitinophagaceae",NA
"63","64103f6795b02ed78383eea1ab6d29a2","MBSF13",0.000312304809494066,1,"Wastewater_Daphnia","LRV_8.5_3","D2","d__Bacteria","Bacteroidota","Bacteroidia","Chitinophagales","Chitinophagaceae",NA
"64","64103f6795b02ed78383eea1ab6d29a2","R2D2BW",0.000311083459248067,2,"Wastewater_Control","CONTROL","D2","d__Bacteria","Bacteroidota","Bacteroidia","Chitinophagales","Chitinophagaceae",NA
"65","64103f6795b02ed78383eea1ab6d29a2","MBSF6",0.000267058352249967,3,"Wastewater_Daphnia","LRV_0_1","D2","d__Bacteria","Bacteroidota","Bacteroidia","Chitinophagales","Chitinophagaceae",NA
"66","64103f6795b02ed78383eea1ab6d29a2","R2D1BW",0.00026698705112802,2,"Wastewater_Control","CONTROL","D1","d__Bacteria","Bacteroidota","Bacteroidia","Chitinophagales","Chitinophagaceae",NA
"67","64103f6795b02ed78383eea1ab6d29a2","MBSF26",0.000226377507130891,2,"Wastewater_Daphnia","LRV_12_3","D3","d__Bacteria","Bacteroidota","Bacteroidia","Chitinophagales","Chitinophagaceae",NA
"68","64103f6795b02ed78383eea1ab6d29a2","MBSF2",0.000133214920071048,2,"Wastewater_Daphnia","LRV_0_1","D1","d__Bacteria","Bacteroidota","Bacteroidia","Chitinophagales","Chitinophagaceae",NA
"69","64103f6795b02ed78383eea1ab6d29a2","MBSF7",8.9863407620417e-05,1,"Wastewater_Daphnia","LRV_0_1","D3","d__Bacteria","Bacteroidota","Bacteroidia","Chitinophagales","Chitinophagaceae",NA
"70","64103f6795b02ed78383eea1ab6d29a2","MBSF5",8.90075656430797e-05,2,"Wastewater_Daphnia","LRV_0_1","D2","d__Bacteria","Bacteroidota","Bacteroidia","Chitinophagales","Chitinophagaceae",NA
"71","64103f6795b02ed78383eea1ab6d29a2","MBSF3",4.48329970858552e-05,3,"Wastewater_Daphnia","LRV_0_1","D1","d__Bacteria","Bacteroidota","Bacteroidia","Chitinophagales","Chitinophagaceae",NA
"72","57b50e6e3ddfafe90166e29ca03d3259","R1D1BW",0.483783783783784,1,"Wastewater_Control","CONTROL","D1","d__Bacteria","Proteobacteria","Gammaproteobacteria","Burkholderiales","Comamonadaceae",NA
"73","57b50e6e3ddfafe90166e29ca03d3259","MBSF22",0.474726350449408,1,"Wastewater_Daphnia","LRV_12_3","D2","d__Bacteria","Proteobacteria","Gammaproteobacteria","Burkholderiales","Comamonadaceae",NA
"74","57b50e6e3ddfafe90166e29ca03d3259","MBSF10",0.4188650512832,1,"Wastewater_Daphnia","LRV_8.5_3","D1","d__Bacteria","Proteobacteria","Gammaproteobacteria","Burkholderiales","Comamonadaceae",NA
"75","57b50e6e3ddfafe90166e29ca03d3259","MBSF1",0.417160560344828,1,"Wastewater_Daphnia","LRV_0_1","D1","d__Bacteria","Proteobacteria","Gammaproteobacteria","Burkholderiales","Comamonadaceae",NA
"76","57b50e6e3ddfafe90166e29ca03d3259","MBSF8",0.391654301002743,2,"Wastewater_Daphnia","LRV_0_1","D3","d__Bacteria","Proteobacteria","Gammaproteobacteria","Burkholderiales","Comamonadaceae",NA
"77","57b50e6e3ddfafe90166e29ca03d3259","MBSF31",0.383878015069776,1,"Wastewater_Daphnia","LR2_36_1","D2","d__Bacteria","Proteobacteria","Gammaproteobacteria","Burkholderiales","Comamonadaceae",NA
"78","57b50e6e3ddfafe90166e29ca03d3259","MBSF4",0.372039077485837,1,"Wastewater_Daphnia","LRV_0_1","D2","d__Bacteria","Proteobacteria","Gammaproteobacteria","Burkholderiales","Comamonadaceae",NA
"79","57b50e6e3ddfafe90166e29ca03d3259","MBSF16",0.369538807649044,1,"Wastewater_Daphnia","LRV_8.5_3","D3","d__Bacteria","Proteobacteria","Gammaproteobacteria","Burkholderiales","Comamonadaceae",NA
"80","57b50e6e3ddfafe90166e29ca03d3259","MBSF9",0.357902423440281,3,"Wastewater_Daphnia","LRV_0_1","D3","d__Bacteria","Proteobacteria","Gammaproteobacteria","Burkholderiales","Comamonadaceae",NA
"81","57b50e6e3ddfafe90166e29ca03d3259","MBSF28",0.354557734407751,1,"Wastewater_Daphnia","LR2_36_1","D1","d__Bacteria","Proteobacteria","Gammaproteobacteria","Burkholderiales","Comamonadaceae",NA
"82","57b50e6e3ddfafe90166e29ca03d3259","MBSF13",0.340055322566253,1,"Wastewater_Daphnia","LRV_8.5_3","D2","d__Bacteria","Proteobacteria","Gammaproteobacteria","Burkholderiales","Comamonadaceae",NA
"83","57b50e6e3ddfafe90166e29ca03d3259","MBSF5",0.33787271918113,2,"Wastewater_Daphnia","LRV_0_1","D2","d__Bacteria","Proteobacteria","Gammaproteobacteria","Burkholderiales","Comamonadaceae",NA
"84","57b50e6e3ddfafe90166e29ca03d3259","MBSF7",0.328226096333573,1,"Wastewater_Daphnia","LRV_0_1","D3","d__Bacteria","Proteobacteria","Gammaproteobacteria","Burkholderiales","Comamonadaceae",NA
"85","57b50e6e3ddfafe90166e29ca03d3259","MBSF6",0.320514532425335,3,"Wastewater_Daphnia","LRV_0_1","D2","d__Bacteria","Proteobacteria","Gammaproteobacteria","Burkholderiales","Comamonadaceae",NA
"86","57b50e6e3ddfafe90166e29ca03d3259","MBSF25",0.314280411988494,1,"Wastewater_Daphnia","LRV_12_3","D3","d__Bacteria","Proteobacteria","Gammaproteobacteria","Burkholderiales","Comamonadaceae",NA
"87","57b50e6e3ddfafe90166e29ca03d3259","MBSF32",0.28650731752076,2,"Wastewater_Daphnia","LR2_36_1","D2","d__Bacteria","Proteobacteria","Gammaproteobacteria","Burkholderiales","Comamonadaceae",NA
"88","57b50e6e3ddfafe90166e29ca03d3259","MBSF24",0.268861454046639,3,"Wastewater_Daphnia","LRV_12_3","D2","d__Bacteria","Proteobacteria","Gammaproteobacteria","Burkholderiales","Comamonadaceae",NA
"89","57b50e6e3ddfafe90166e29ca03d3259","MBSF26",0.263684520306062,2,"Wastewater_Daphnia","LRV_12_3","D3","d__Bacteria","Proteobacteria","Gammaproteobacteria","Burkholderiales","Comamonadaceae",NA
"90","57b50e6e3ddfafe90166e29ca03d3259","MBSF2",0.254706927175844,2,"Wastewater_Daphnia","LRV_0_1","D1","d__Bacteria","Proteobacteria","Gammaproteobacteria","Burkholderiales","Comamonadaceae",NA
"91","57b50e6e3ddfafe90166e29ca03d3259","MBSF23",0.24591841274078,2,"Wastewater_Daphnia","LRV_12_3","D2","d__Bacteria","Proteobacteria","Gammaproteobacteria","Burkholderiales","Comamonadaceae",NA
"92","57b50e6e3ddfafe90166e29ca03d3259","MBSF20",0.233843008267402,2,"Wastewater_Daphnia","LRV_12_3","D1","d__Bacteria","Proteobacteria","Gammaproteobacteria","Burkholderiales","Comamonadaceae",NA
"93","57b50e6e3ddfafe90166e29ca03d3259","MBSF3",0.230441605021296,3,"Wastewater_Daphnia","LRV_0_1","D1","d__Bacteria","Proteobacteria","Gammaproteobacteria","Burkholderiales","Comamonadaceae",NA
"94","57b50e6e3ddfafe90166e29ca03d3259","MBSF19",0.226798462383306,1,"Wastewater_Daphnia","LRV_12_3","D1","d__Bacteria","Proteobacteria","Gammaproteobacteria","Burkholderiales","Comamonadaceae",NA
"95","57b50e6e3ddfafe90166e29ca03d3259","MBSF30",0.224192585105894,3,"Wastewater_Daphnia","LR2_36_1","D1","d__Bacteria","Proteobacteria","Gammaproteobacteria","Burkholderiales","Comamonadaceae",NA
"96","57b50e6e3ddfafe90166e29ca03d3259","R1D2BW",0.177088454833952,1,"Wastewater_Control","CONTROL","D2","d__Bacteria","Proteobacteria","Gammaproteobacteria","Burkholderiales","Comamonadaceae",NA
"97","57b50e6e3ddfafe90166e29ca03d3259","MBSF12",0.174485228290063,3,"Wastewater_Daphnia","LRV_8.5_3","D1","d__Bacteria","Proteobacteria","Gammaproteobacteria","Burkholderiales","Comamonadaceae",NA
"98","57b50e6e3ddfafe90166e29ca03d3259","R3D2BW8532",0.174046214134498,3,"Wastewater_Control","CONTROL","D2","d__Bacteria","Proteobacteria","Gammaproteobacteria","Burkholderiales","Comamonadaceae",NA
"99","57b50e6e3ddfafe90166e29ca03d3259","R1D3BW",0.162077875790787,1,"Wastewater_Control","CONTROL","D3","d__Bacteria","Proteobacteria","Gammaproteobacteria","Burkholderiales","Comamonadaceae",NA
"100","57b50e6e3ddfafe90166e29ca03d3259","MBSF15",0.154172055478749,3,"Wastewater_Daphnia","LRV_8.5_3","D2","d__Bacteria","Proteobacteria","Gammaproteobacteria","Burkholderiales","Comamonadaceae",NA
"101","57b50e6e3ddfafe90166e29ca03d3259","MBSF17",0.15054542162676,2,"Wastewater_Daphnia","LRV_8.5_3","D3","d__Bacteria","Proteobacteria","Gammaproteobacteria","Burkholderiales","Comamonadaceae",NA
"102","57b50e6e3ddfafe90166e29ca03d3259","R3D3BW",0.137396418070035,3,"Wastewater_Control","CONTROL","D3","d__Bacteria","Proteobacteria","Gammaproteobacteria","Burkholderiales","Comamonadaceae",NA
"103","57b50e6e3ddfafe90166e29ca03d3259","MBSF11",0.132964976383567,2,"Wastewater_Daphnia","LRV_8.5_3","D1","d__Bacteria","Proteobacteria","Gammaproteobacteria","Burkholderiales","Comamonadaceae",NA
"104","57b50e6e3ddfafe90166e29ca03d3259","MBSF14",0.128896002845583,2,"Wastewater_Daphnia","LRV_8.5_3","D2","d__Bacteria","Proteobacteria","Gammaproteobacteria","Burkholderiales","Comamonadaceae",NA
"105","57b50e6e3ddfafe90166e29ca03d3259","R2D3BW",0.127572383073497,2,"Wastewater_Control","CONTROL","D3","d__Bacteria","Proteobacteria","Gammaproteobacteria","Burkholderiales","Comamonadaceae",NA
"106","57b50e6e3ddfafe90166e29ca03d3259","R2D2BW",0.1230557283797,2,"Wastewater_Control","CONTROL","D2","d__Bacteria","Proteobacteria","Gammaproteobacteria","Burkholderiales","Comamonadaceae",NA
"107","57b50e6e3ddfafe90166e29ca03d3259","R2D1BW",0.114181462199083,2,"Wastewater_Control","CONTROL","D1","d__Bacteria","Proteobacteria","Gammaproteobacteria","Burkholderiales","Comamonadaceae",NA
"108","57b50e6e3ddfafe90166e29ca03d3259","R3D1BW",0.112837867925368,3,"Wastewater_Control","CONTROL","D1","d__Bacteria","Proteobacteria","Gammaproteobacteria","Burkholderiales","Comamonadaceae",NA
"109","5d81b46613a582d1a94fa803c90e44fe","MBSF15",0.243098604111849,3,"Wastewater_Daphnia","LRV_8.5_3","D2","d__Bacteria","Bacteroidota","Bacteroidia","Flavobacteriales","Flavobacteriaceae",NA
"110","5d81b46613a582d1a94fa803c90e44fe","MBSF14",0.100217864923747,2,"Wastewater_Daphnia","LRV_8.5_3","D2","d__Bacteria","Bacteroidota","Bacteroidia","Flavobacteriales","Flavobacteriaceae",NA
"111","5d81b46613a582d1a94fa803c90e44fe","MBSF19",0.0801299652205748,1,"Wastewater_Daphnia","LRV_12_3","D1","d__Bacteria","Bacteroidota","Bacteroidia","Flavobacteriales","Flavobacteriaceae",NA
"112","5d81b46613a582d1a94fa803c90e44fe","MBSF11",0.0724088762142411,2,"Wastewater_Daphnia","LRV_8.5_3","D1","d__Bacteria","Bacteroidota","Bacteroidia","Flavobacteriales","Flavobacteriaceae",NA
"113","5d81b46613a582d1a94fa803c90e44fe","MBSF17",0.066536912144118,2,"Wastewater_Daphnia","LRV_8.5_3","D3","d__Bacteria","Bacteroidota","Bacteroidia","Flavobacteriales","Flavobacteriaceae",NA
"114","5d81b46613a582d1a94fa803c90e44fe","R3D3BW",0.05386260358193,3,"Wastewater_Control","CONTROL","D3","d__Bacteria","Bacteroidota","Bacteroidia","Flavobacteriales","Flavobacteriaceae",NA
"115","5d81b46613a582d1a94fa803c90e44fe","R2D3BW",0.0396436525612472,2,"Wastewater_Control","CONTROL","D3","d__Bacteria","Bacteroidota","Bacteroidia","Flavobacteriales","Flavobacteriaceae",NA
"116","5d81b46613a582d1a94fa803c90e44fe","MBSF12",0.0396150402864816,3,"Wastewater_Daphnia","LRV_8.5_3","D1","d__Bacteria","Bacteroidota","Bacteroidia","Flavobacteriales","Flavobacteriaceae",NA
"117","5d81b46613a582d1a94fa803c90e44fe","R2D2BW",0.0395964803128611,2,"Wastewater_Control","CONTROL","D2","d__Bacteria","Bacteroidota","Bacteroidia","Flavobacteriales","Flavobacteriaceae",NA
"118","5d81b46613a582d1a94fa803c90e44fe","R2D1BW",0.0358652605348641,2,"Wastewater_Control","CONTROL","D1","d__Bacteria","Bacteroidota","Bacteroidia","Flavobacteriales","Flavobacteriaceae",NA
"119","5d81b46613a582d1a94fa803c90e44fe","MBSF9",0.03482269179864,3,"Wastewater_Daphnia","LRV_0_1","D3","d__Bacteria","Bacteroidota","Bacteroidia","Flavobacteriales","Flavobacteriaceae",NA
"120","5d81b46613a582d1a94fa803c90e44fe","MBSF23",0.0347880243783086,2,"Wastewater_Daphnia","LRV_12_3","D2","d__Bacteria","Bacteroidota","Bacteroidia","Flavobacteriales","Flavobacteriaceae",NA
"121","5d81b46613a582d1a94fa803c90e44fe","MBSF6",0.0310232785863711,3,"Wastewater_Daphnia","LRV_0_1","D2","d__Bacteria","Bacteroidota","Bacteroidia","Flavobacteriales","Flavobacteriaceae",NA
"122","5d81b46613a582d1a94fa803c90e44fe","MBSF3",0.0292759470970634,3,"Wastewater_Daphnia","LRV_0_1","D1","d__Bacteria","Bacteroidota","Bacteroidia","Flavobacteriales","Flavobacteriaceae",NA
"123","5d81b46613a582d1a94fa803c90e44fe","R3D1BW",0.029166852206439,3,"Wastewater_Control","CONTROL","D1","d__Bacteria","Bacteroidota","Bacteroidia","Flavobacteriales","Flavobacteriaceae",NA
"124","5d81b46613a582d1a94fa803c90e44fe","MBSF7",0.0254762760603882,1,"Wastewater_Daphnia","LRV_0_1","D3","d__Bacteria","Bacteroidota","Bacteroidia","Flavobacteriales","Flavobacteriaceae",NA
"125","5d81b46613a582d1a94fa803c90e44fe","MBSF26",0.0243582197672839,2,"Wastewater_Daphnia","LRV_12_3","D3","d__Bacteria","Bacteroidota","Bacteroidia","Flavobacteriales","Flavobacteriaceae",NA
"126","5d81b46613a582d1a94fa803c90e44fe","MBSF8",0.0216736364045146,2,"Wastewater_Daphnia","LRV_0_1","D3","d__Bacteria","Bacteroidota","Bacteroidia","Flavobacteriales","Flavobacteriaceae",NA
"127","5d81b46613a582d1a94fa803c90e44fe","R1D3BW",0.0215183106121358,1,"Wastewater_Control","CONTROL","D3","d__Bacteria","Bacteroidota","Bacteroidia","Flavobacteriales","Flavobacteriaceae",NA
"128","5d81b46613a582d1a94fa803c90e44fe","MBSF4",0.0211000579917027,1,"Wastewater_Daphnia","LRV_0_1","D2","d__Bacteria","Bacteroidota","Bacteroidia","Flavobacteriales","Flavobacteriaceae",NA
"129","5d81b46613a582d1a94fa803c90e44fe","MBSF20",0.0195572939816873,2,"Wastewater_Daphnia","LRV_12_3","D1","d__Bacteria","Bacteroidota","Bacteroidia","Flavobacteriales","Flavobacteriaceae",NA
"130","5d81b46613a582d1a94fa803c90e44fe","MBSF10",0.0179603171048506,1,"Wastewater_Daphnia","LRV_8.5_3","D1","d__Bacteria","Bacteroidota","Bacteroidia","Flavobacteriales","Flavobacteriaceae",NA
"131","5d81b46613a582d1a94fa803c90e44fe","MBSF5",0.0165109034267913,2,"Wastewater_Daphnia","LRV_0_1","D2","d__Bacteria","Bacteroidota","Bacteroidia","Flavobacteriales","Flavobacteriaceae",NA
"132","5d81b46613a582d1a94fa803c90e44fe","MBSF30",0.0154821518812882,3,"Wastewater_Daphnia","LR2_36_1","D1","d__Bacteria","Bacteroidota","Bacteroidia","Flavobacteriales","Flavobacteriaceae",NA
"133","5d81b46613a582d1a94fa803c90e44fe","MBSF22",0.0150396013170775,1,"Wastewater_Daphnia","LRV_12_3","D2","d__Bacteria","Bacteroidota","Bacteroidia","Flavobacteriales","Flavobacteriaceae",NA
"134","5d81b46613a582d1a94fa803c90e44fe","MBSF1",0.0139637212643678,1,"Wastewater_Daphnia","LRV_0_1","D1","d__Bacteria","Bacteroidota","Bacteroidia","Flavobacteriales","Flavobacteriaceae",NA
"135","5d81b46613a582d1a94fa803c90e44fe","MBSF32",0.0136716061843373,2,"Wastewater_Daphnia","LR2_36_1","D2","d__Bacteria","Bacteroidota","Bacteroidia","Flavobacteriales","Flavobacteriaceae",NA
"136","5d81b46613a582d1a94fa803c90e44fe","MBSF13",0.0125814223253324,1,"Wastewater_Daphnia","LRV_8.5_3","D2","d__Bacteria","Bacteroidota","Bacteroidia","Flavobacteriales","Flavobacteriaceae",NA
"137","5d81b46613a582d1a94fa803c90e44fe","MBSF2",0.0120781527531083,2,"Wastewater_Daphnia","LRV_0_1","D1","d__Bacteria","Bacteroidota","Bacteroidia","Flavobacteriales","Flavobacteriaceae",NA
"138","5d81b46613a582d1a94fa803c90e44fe","MBSF31",0.0103437513932855,1,"Wastewater_Daphnia","LR2_36_1","D2","d__Bacteria","Bacteroidota","Bacteroidia","Flavobacteriales","Flavobacteriaceae",NA
"139","5d81b46613a582d1a94fa803c90e44fe","R1D2BW",0.0102355517811648,1,"Wastewater_Control","CONTROL","D2","d__Bacteria","Bacteroidota","Bacteroidia","Flavobacteriales","Flavobacteriaceae",NA
"140","5d81b46613a582d1a94fa803c90e44fe","MBSF28",0.00866365457170804,1,"Wastewater_Daphnia","LR2_36_1","D1","d__Bacteria","Bacteroidota","Bacteroidia","Flavobacteriales","Flavobacteriaceae",NA
"141","5d81b46613a582d1a94fa803c90e44fe","R3D2BW8532",0.00810774289446421,3,"Wastewater_Control","CONTROL","D2","d__Bacteria","Bacteroidota","Bacteroidia","Flavobacteriales","Flavobacteriaceae",NA
"142","5d81b46613a582d1a94fa803c90e44fe","MBSF16",0.00521934758155231,1,"Wastewater_Daphnia","LRV_8.5_3","D3","d__Bacteria","Bacteroidota","Bacteroidia","Flavobacteriales","Flavobacteriaceae",NA
"143","5d81b46613a582d1a94fa803c90e44fe","MBSF24",0.00515585828484934,3,"Wastewater_Daphnia","LRV_12_3","D2","d__Bacteria","Bacteroidota","Bacteroidia","Flavobacteriales","Flavobacteriaceae",NA
"144","5d81b46613a582d1a94fa803c90e44fe","MBSF25",0.00450032476570474,1,"Wastewater_Daphnia","LRV_12_3","D3","d__Bacteria","Bacteroidota","Bacteroidia","Flavobacteriales","Flavobacteriaceae",NA
"145","5d81b46613a582d1a94fa803c90e44fe","R1D1BW",0.0036036036036036,1,"Wastewater_Control","CONTROL","D1","d__Bacteria","Bacteroidota","Bacteroidia","Flavobacteriales","Flavobacteriaceae",NA
"146","bfb3ed47eed4a19755cdfd92c431145e","R2D3BW",0.410556792873051,2,"Wastewater_Control","CONTROL","D3","d__Bacteria","Proteobacteria","Gammaproteobacteria","Burkholderiales","Oxalobacteraceae",NA
"147","bfb3ed47eed4a19755cdfd92c431145e","R2D2BW",0.406897164696471,2,"Wastewater_Control","CONTROL","D2","d__Bacteria","Proteobacteria","Gammaproteobacteria","Burkholderiales","Oxalobacteraceae",NA
"148","bfb3ed47eed4a19755cdfd92c431145e","R3D1BW",0.403304092265218,3,"Wastewater_Control","CONTROL","D1","d__Bacteria","Proteobacteria","Gammaproteobacteria","Burkholderiales","Oxalobacteraceae",NA
"149","bfb3ed47eed4a19755cdfd92c431145e","R2D1BW",0.383571396787256,2,"Wastewater_Control","CONTROL","D1","d__Bacteria","Proteobacteria","Gammaproteobacteria","Burkholderiales","Oxalobacteraceae",NA
"150","bfb3ed47eed4a19755cdfd92c431145e","R3D3BW",0.335739107190591,3,"Wastewater_Control","CONTROL","D3","d__Bacteria","Proteobacteria","Gammaproteobacteria","Burkholderiales","Oxalobacteraceae",NA
"151","bfb3ed47eed4a19755cdfd92c431145e","MBSF2",0.286278863232682,2,"Wastewater_Daphnia","LRV_0_1","D1","d__Bacteria","Proteobacteria","Gammaproteobacteria","Burkholderiales","Oxalobacteraceae",NA
"152","bfb3ed47eed4a19755cdfd92c431145e","MBSF3",0.243084510199507,3,"Wastewater_Daphnia","LRV_0_1","D1","d__Bacteria","Proteobacteria","Gammaproteobacteria","Burkholderiales","Oxalobacteraceae",NA
"153","bfb3ed47eed4a19755cdfd92c431145e","MBSF20",0.226464574628856,2,"Wastewater_Daphnia","LRV_12_3","D1","d__Bacteria","Proteobacteria","Gammaproteobacteria","Burkholderiales","Oxalobacteraceae",NA
"154","bfb3ed47eed4a19755cdfd92c431145e","MBSF5",0.21562082777036,2,"Wastewater_Daphnia","LRV_0_1","D2","d__Bacteria","Proteobacteria","Gammaproteobacteria","Burkholderiales","Oxalobacteraceae",NA
"155","bfb3ed47eed4a19755cdfd92c431145e","R1D1BW",0.187612612612613,1,"Wastewater_Control","CONTROL","D1","d__Bacteria","Proteobacteria","Gammaproteobacteria","Burkholderiales","Oxalobacteraceae",NA
"156","bfb3ed47eed4a19755cdfd92c431145e","MBSF30",0.185142647126384,3,"Wastewater_Daphnia","LR2_36_1","D1","d__Bacteria","Proteobacteria","Gammaproteobacteria","Burkholderiales","Oxalobacteraceae",NA
"157","bfb3ed47eed4a19755cdfd92c431145e","MBSF10",0.177139785909437,1,"Wastewater_Daphnia","LRV_8.5_3","D1","d__Bacteria","Proteobacteria","Gammaproteobacteria","Burkholderiales","Oxalobacteraceae",NA
"158","bfb3ed47eed4a19755cdfd92c431145e","MBSF28",0.164003912618194,1,"Wastewater_Daphnia","LR2_36_1","D1","d__Bacteria","Proteobacteria","Gammaproteobacteria","Burkholderiales","Oxalobacteraceae",NA
"159","bfb3ed47eed4a19755cdfd92c431145e","MBSF1",0.151131465517241,1,"Wastewater_Daphnia","LRV_0_1","D1","d__Bacteria","Proteobacteria","Gammaproteobacteria","Burkholderiales","Oxalobacteraceae",NA
"160","bfb3ed47eed4a19755cdfd92c431145e","MBSF31",0.148958937090374,1,"Wastewater_Daphnia","LR2_36_1","D2","d__Bacteria","Proteobacteria","Gammaproteobacteria","Burkholderiales","Oxalobacteraceae",NA
"161","bfb3ed47eed4a19755cdfd92c431145e","MBSF13",0.139377174979923,1,"Wastewater_Daphnia","LRV_8.5_3","D2","d__Bacteria","Proteobacteria","Gammaproteobacteria","Burkholderiales","Oxalobacteraceae",NA
"162","bfb3ed47eed4a19755cdfd92c431145e","MBSF23",0.119177899372748,2,"Wastewater_Daphnia","LRV_12_3","D2","d__Bacteria","Proteobacteria","Gammaproteobacteria","Burkholderiales","Oxalobacteraceae",NA
"163","bfb3ed47eed4a19755cdfd92c431145e","MBSF22",0.106122630595355,1,"Wastewater_Daphnia","LRV_12_3","D2","d__Bacteria","Proteobacteria","Gammaproteobacteria","Burkholderiales","Oxalobacteraceae",NA
"164","bfb3ed47eed4a19755cdfd92c431145e","R1D3BW",0.104562060055244,1,"Wastewater_Control","CONTROL","D3","d__Bacteria","Proteobacteria","Gammaproteobacteria","Burkholderiales","Oxalobacteraceae",NA
"165","bfb3ed47eed4a19755cdfd92c431145e","MBSF4",0.0954186554846768,1,"Wastewater_Daphnia","LRV_0_1","D2","d__Bacteria","Proteobacteria","Gammaproteobacteria","Burkholderiales","Oxalobacteraceae",NA
"166","bfb3ed47eed4a19755cdfd92c431145e","MBSF6",0.0858147505229893,3,"Wastewater_Daphnia","LRV_0_1","D2","d__Bacteria","Proteobacteria","Gammaproteobacteria","Burkholderiales","Oxalobacteraceae",NA
"167","bfb3ed47eed4a19755cdfd92c431145e","R1D2BW",0.0787109462298306,1,"Wastewater_Control","CONTROL","D2","d__Bacteria","Proteobacteria","Gammaproteobacteria","Burkholderiales","Oxalobacteraceae",NA
"168","bfb3ed47eed4a19755cdfd92c431145e","MBSF32",0.0747350552828371,2,"Wastewater_Daphnia","LR2_36_1","D2","d__Bacteria","Proteobacteria","Gammaproteobacteria","Burkholderiales","Oxalobacteraceae",NA
"169","bfb3ed47eed4a19755cdfd92c431145e","MBSF16",0.0710461192350956,1,"Wastewater_Daphnia","LRV_8.5_3","D3","d__Bacteria","Proteobacteria","Gammaproteobacteria","Burkholderiales","Oxalobacteraceae",NA
"170","bfb3ed47eed4a19755cdfd92c431145e","MBSF8",0.0472593192139934,2,"Wastewater_Daphnia","LRV_0_1","D3","d__Bacteria","Proteobacteria","Gammaproteobacteria","Burkholderiales","Oxalobacteraceae",NA
"171","bfb3ed47eed4a19755cdfd92c431145e","MBSF7",0.0460100647016535,1,"Wastewater_Daphnia","LRV_0_1","D3","d__Bacteria","Proteobacteria","Gammaproteobacteria","Burkholderiales","Oxalobacteraceae",NA
"172","bfb3ed47eed4a19755cdfd92c431145e","MBSF19",0.0448471535786198,1,"Wastewater_Daphnia","LRV_12_3","D1","d__Bacteria","Proteobacteria","Gammaproteobacteria","Burkholderiales","Oxalobacteraceae",NA
"173","bfb3ed47eed4a19755cdfd92c431145e","MBSF17",0.0347621418548862,2,"Wastewater_Daphnia","LRV_8.5_3","D3","d__Bacteria","Proteobacteria","Gammaproteobacteria","Burkholderiales","Oxalobacteraceae",NA
"174","bfb3ed47eed4a19755cdfd92c431145e","MBSF26",0.0259428623172002,2,"Wastewater_Daphnia","LRV_12_3","D3","d__Bacteria","Proteobacteria","Gammaproteobacteria","Burkholderiales","Oxalobacteraceae",NA
"175","bfb3ed47eed4a19755cdfd92c431145e","MBSF15",0.021495785577309,3,"Wastewater_Daphnia","LRV_8.5_3","D2","d__Bacteria","Proteobacteria","Gammaproteobacteria","Burkholderiales","Oxalobacteraceae",NA
"176","bfb3ed47eed4a19755cdfd92c431145e","MBSF9",0.0203094336178175,3,"Wastewater_Daphnia","LRV_0_1","D3","d__Bacteria","Proteobacteria","Gammaproteobacteria","Burkholderiales","Oxalobacteraceae",NA
"177","bfb3ed47eed4a19755cdfd92c431145e","MBSF24",0.0196301026441512,3,"Wastewater_Daphnia","LRV_12_3","D2","d__Bacteria","Proteobacteria","Gammaproteobacteria","Burkholderiales","Oxalobacteraceae",NA
"178","bfb3ed47eed4a19755cdfd92c431145e","R3D2BW8532",0.019188324850232,3,"Wastewater_Control","CONTROL","D2","d__Bacteria","Proteobacteria","Gammaproteobacteria","Burkholderiales","Oxalobacteraceae",NA
"179","bfb3ed47eed4a19755cdfd92c431145e","MBSF25",0.0150784077201448,1,"Wastewater_Daphnia","LRV_12_3","D3","d__Bacteria","Proteobacteria","Gammaproteobacteria","Burkholderiales","Oxalobacteraceae",NA
"180","bfb3ed47eed4a19755cdfd92c431145e","MBSF14",0.0128495842781557,2,"Wastewater_Daphnia","LRV_8.5_3","D2","d__Bacteria","Proteobacteria","Gammaproteobacteria","Burkholderiales","Oxalobacteraceae",NA
"181","bfb3ed47eed4a19755cdfd92c431145e","MBSF12",0.00971351835273053,3,"Wastewater_Daphnia","LRV_8.5_3","D1","d__Bacteria","Proteobacteria","Gammaproteobacteria","Burkholderiales","Oxalobacteraceae",NA
"182","bfb3ed47eed4a19755cdfd92c431145e","MBSF11",0.00770876036003921,2,"Wastewater_Daphnia","LRV_8.5_3","D1","d__Bacteria","Proteobacteria","Gammaproteobacteria","Burkholderiales","Oxalobacteraceae",NA
"183","435708b13e46c67c182cb92dc57e1070","MBSF12",0.117949865711728,3,"Wastewater_Daphnia","LRV_8.5_3","D1","d__Bacteria","Proteobacteria","Gammaproteobacteria","Pseudomonadales","Pseudomonadaceae",NA
"184","435708b13e46c67c182cb92dc57e1070","MBSF11",0.101728901167454,2,"Wastewater_Daphnia","LRV_8.5_3","D1","d__Bacteria","Proteobacteria","Gammaproteobacteria","Pseudomonadales","Pseudomonadaceae",NA
"185","435708b13e46c67c182cb92dc57e1070","MBSF32",0.0951965866862412,2,"Wastewater_Daphnia","LR2_36_1","D2","d__Bacteria","Proteobacteria","Gammaproteobacteria","Pseudomonadales","Pseudomonadaceae",NA
"186","435708b13e46c67c182cb92dc57e1070","MBSF19",0.0883214351089145,1,"Wastewater_Daphnia","LRV_12_3","D1","d__Bacteria","Proteobacteria","Gammaproteobacteria","Pseudomonadales","Pseudomonadaceae",NA
"187","435708b13e46c67c182cb92dc57e1070","R3D2BW8532",0.0869780640511689,3,"Wastewater_Control","CONTROL","D2","d__Bacteria","Proteobacteria","Gammaproteobacteria","Pseudomonadales","Pseudomonadaceae",NA
"188","435708b13e46c67c182cb92dc57e1070","MBSF14",0.0682939842603708,2,"Wastewater_Daphnia","LRV_8.5_3","D2","d__Bacteria","Proteobacteria","Gammaproteobacteria","Pseudomonadales","Pseudomonadaceae",NA
"189","435708b13e46c67c182cb92dc57e1070","MBSF2",0.0596358792184725,2,"Wastewater_Daphnia","LRV_0_1","D1","d__Bacteria","Proteobacteria","Gammaproteobacteria","Pseudomonadales","Pseudomonadaceae",NA
"190","435708b13e46c67c182cb92dc57e1070","MBSF17",0.0565790069252704,2,"Wastewater_Daphnia","LRV_8.5_3","D3","d__Bacteria","Proteobacteria","Gammaproteobacteria","Pseudomonadales","Pseudomonadaceae",NA
"191","435708b13e46c67c182cb92dc57e1070","MBSF30",0.0508108604768687,3,"Wastewater_Daphnia","LR2_36_1","D1","d__Bacteria","Proteobacteria","Gammaproteobacteria","Pseudomonadales","Pseudomonadaceae",NA
"192","435708b13e46c67c182cb92dc57e1070","MBSF26",0.0378503191922851,2,"Wastewater_Daphnia","LRV_12_3","D3","d__Bacteria","Proteobacteria","Gammaproteobacteria","Pseudomonadales","Pseudomonadaceae",NA
"193","435708b13e46c67c182cb92dc57e1070","MBSF15",0.0335369932658431,3,"Wastewater_Daphnia","LRV_8.5_3","D2","d__Bacteria","Proteobacteria","Gammaproteobacteria","Pseudomonadales","Pseudomonadaceae",NA
"194","435708b13e46c67c182cb92dc57e1070","MBSF20",0.0276024535514268,2,"Wastewater_Daphnia","LRV_12_3","D1","d__Bacteria","Proteobacteria","Gammaproteobacteria","Pseudomonadales","Pseudomonadaceae",NA
"195","435708b13e46c67c182cb92dc57e1070","MBSF6",0.0232785863711221,3,"Wastewater_Daphnia","LRV_0_1","D2","d__Bacteria","Proteobacteria","Gammaproteobacteria","Pseudomonadales","Pseudomonadaceae",NA
"196","435708b13e46c67c182cb92dc57e1070","MBSF23",0.0225988700564972,2,"Wastewater_Daphnia","LRV_12_3","D2","d__Bacteria","Proteobacteria","Gammaproteobacteria","Pseudomonadales","Pseudomonadaceae",NA
"197","435708b13e46c67c182cb92dc57e1070","MBSF5",0.0212283044058745,2,"Wastewater_Daphnia","LRV_0_1","D2","d__Bacteria","Proteobacteria","Gammaproteobacteria","Pseudomonadales","Pseudomonadaceae",NA
"198","435708b13e46c67c182cb92dc57e1070","MBSF3",0.0192333557498319,3,"Wastewater_Daphnia","LRV_0_1","D1","d__Bacteria","Proteobacteria","Gammaproteobacteria","Pseudomonadales","Pseudomonadaceae",NA
"199","435708b13e46c67c182cb92dc57e1070","MBSF28",0.0186780939959942,1,"Wastewater_Daphnia","LR2_36_1","D1","d__Bacteria","Proteobacteria","Gammaproteobacteria","Pseudomonadales","Pseudomonadaceae",NA
"200","435708b13e46c67c182cb92dc57e1070","MBSF31",0.017165277096616,1,"Wastewater_Daphnia","LR2_36_1","D2","d__Bacteria","Proteobacteria","Gammaproteobacteria","Pseudomonadales","Pseudomonadaceae",NA
"201","435708b13e46c67c182cb92dc57e1070","MBSF22",0.0159295185547744,1,"Wastewater_Daphnia","LRV_12_3","D2","d__Bacteria","Proteobacteria","Gammaproteobacteria","Pseudomonadales","Pseudomonadaceae",NA
"202","435708b13e46c67c182cb92dc57e1070","MBSF1",0.0140086206896552,1,"Wastewater_Daphnia","LRV_0_1","D1","d__Bacteria","Proteobacteria","Gammaproteobacteria","Pseudomonadales","Pseudomonadaceae",NA
"203","435708b13e46c67c182cb92dc57e1070","MBSF4",0.01360574563947,1,"Wastewater_Daphnia","LRV_0_1","D2","d__Bacteria","Proteobacteria","Gammaproteobacteria","Pseudomonadales","Pseudomonadaceae",NA
"204","435708b13e46c67c182cb92dc57e1070","MBSF7",0.0128055355859094,1,"Wastewater_Daphnia","LRV_0_1","D3","d__Bacteria","Proteobacteria","Gammaproteobacteria","Pseudomonadales","Pseudomonadaceae",NA
"205","435708b13e46c67c182cb92dc57e1070","MBSF8",0.0119160034174198,2,"Wastewater_Daphnia","LRV_0_1","D3","d__Bacteria","Proteobacteria","Gammaproteobacteria","Pseudomonadales","Pseudomonadaceae",NA
"206","435708b13e46c67c182cb92dc57e1070","MBSF10",0.0116450933846912,1,"Wastewater_Daphnia","LRV_8.5_3","D1","d__Bacteria","Proteobacteria","Gammaproteobacteria","Pseudomonadales","Pseudomonadaceae",NA
"207","435708b13e46c67c182cb92dc57e1070","MBSF9",0.0107252065172744,3,"Wastewater_Daphnia","LRV_0_1","D3","d__Bacteria","Proteobacteria","Gammaproteobacteria","Pseudomonadales","Pseudomonadaceae",NA
"208","435708b13e46c67c182cb92dc57e1070","MBSF13",0.00941375925760685,1,"Wastewater_Daphnia","LRV_8.5_3","D2","d__Bacteria","Proteobacteria","Gammaproteobacteria","Pseudomonadales","Pseudomonadaceae",NA
"209","435708b13e46c67c182cb92dc57e1070","MBSF16",0.00832395950506187,1,"Wastewater_Daphnia","LRV_8.5_3","D3","d__Bacteria","Proteobacteria","Gammaproteobacteria","Pseudomonadales","Pseudomonadaceae",NA
"210","435708b13e46c67c182cb92dc57e1070","R2D1BW",0.00320384461353624,2,"Wastewater_Control","CONTROL","D1","d__Bacteria","Proteobacteria","Gammaproteobacteria","Pseudomonadales","Pseudomonadaceae",NA
"211","435708b13e46c67c182cb92dc57e1070","R1D1BW",0.00274774774774775,1,"Wastewater_Control","CONTROL","D1","d__Bacteria","Proteobacteria","Gammaproteobacteria","Pseudomonadales","Pseudomonadaceae",NA
"212","435708b13e46c67c182cb92dc57e1070","R2D3BW",0.00240534521158129,2,"Wastewater_Control","CONTROL","D3","d__Bacteria","Proteobacteria","Gammaproteobacteria","Pseudomonadales","Pseudomonadaceae",NA
"213","435708b13e46c67c182cb92dc57e1070","R3D1BW",0.00182571135948702,3,"Wastewater_Control","CONTROL","D1","d__Bacteria","Proteobacteria","Gammaproteobacteria","Pseudomonadales","Pseudomonadaceae",NA
"214","435708b13e46c67c182cb92dc57e1070","MBSF25",0.00180940892641737,1,"Wastewater_Daphnia","LRV_12_3","D3","d__Bacteria","Proteobacteria","Gammaproteobacteria","Pseudomonadales","Pseudomonadaceae",NA
"215","435708b13e46c67c182cb92dc57e1070","R2D2BW",0.00155541729624033,2,"Wastewater_Control","CONTROL","D2","d__Bacteria","Proteobacteria","Gammaproteobacteria","Pseudomonadales","Pseudomonadaceae",NA
"216","435708b13e46c67c182cb92dc57e1070","MBSF24",0.00132444066032827,3,"Wastewater_Daphnia","LRV_12_3","D2","d__Bacteria","Proteobacteria","Gammaproteobacteria","Pseudomonadales","Pseudomonadaceae",NA
"217","435708b13e46c67c182cb92dc57e1070","R3D3BW",0.00111378419317473,3,"Wastewater_Control","CONTROL","D3","d__Bacteria","Proteobacteria","Gammaproteobacteria","Pseudomonadales","Pseudomonadaceae",NA
"218","435708b13e46c67c182cb92dc57e1070","R1D3BW",0.000222756838634946,1,"Wastewater_Control","CONTROL","D3","d__Bacteria","Proteobacteria","Gammaproteobacteria","Pseudomonadales","Pseudomonadaceae",NA
"219","8d1d388fadb043af075871756afbf99e","MBSF32",0.141946139376978,2,"Wastewater_Daphnia","LR2_36_1","D2","d__Bacteria","Proteobacteria","Gammaproteobacteria","Burkholderiales","Rhodocyclaceae",NA
"220","8d1d388fadb043af075871756afbf99e","MBSF30",0.123259980704737,3,"Wastewater_Daphnia","LR2_36_1","D1","d__Bacteria","Proteobacteria","Gammaproteobacteria","Burkholderiales","Rhodocyclaceae",NA
"221","8d1d388fadb043af075871756afbf99e","MBSF24",0.108131119625373,3,"Wastewater_Daphnia","LRV_12_3","D2","d__Bacteria","Proteobacteria","Gammaproteobacteria","Burkholderiales","Rhodocyclaceae",NA
"222","8d1d388fadb043af075871756afbf99e","MBSF25",0.0907952120256101,1,"Wastewater_Daphnia","LRV_12_3","D3","d__Bacteria","Proteobacteria","Gammaproteobacteria","Burkholderiales","Rhodocyclaceae",NA
"223","8d1d388fadb043af075871756afbf99e","MBSF28",0.0857981275327216,1,"Wastewater_Daphnia","LR2_36_1","D1","d__Bacteria","Proteobacteria","Gammaproteobacteria","Burkholderiales","Rhodocyclaceae",NA
"224","8d1d388fadb043af075871756afbf99e","MBSF26",0.0740707203332277,2,"Wastewater_Daphnia","LRV_12_3","D3","d__Bacteria","Proteobacteria","Gammaproteobacteria","Burkholderiales","Rhodocyclaceae",NA
"225","8d1d388fadb043af075871756afbf99e","MBSF16",0.0690213723284589,1,"Wastewater_Daphnia","LRV_8.5_3","D3","d__Bacteria","Proteobacteria","Gammaproteobacteria","Burkholderiales","Rhodocyclaceae",NA
"226","8d1d388fadb043af075871756afbf99e","MBSF9",0.0632558988635845,3,"Wastewater_Daphnia","LRV_0_1","D3","d__Bacteria","Proteobacteria","Gammaproteobacteria","Burkholderiales","Rhodocyclaceae",NA
"227","8d1d388fadb043af075871756afbf99e","MBSF5",0.0620827770360481,2,"Wastewater_Daphnia","LRV_0_1","D2","d__Bacteria","Proteobacteria","Gammaproteobacteria","Burkholderiales","Rhodocyclaceae",NA
"228","8d1d388fadb043af075871756afbf99e","R3D3BW",0.0527042680210282,3,"Wastewater_Control","CONTROL","D3","d__Bacteria","Proteobacteria","Gammaproteobacteria","Burkholderiales","Rhodocyclaceae",NA
"229","8d1d388fadb043af075871756afbf99e","MBSF31",0.0516295866957956,1,"Wastewater_Daphnia","LR2_36_1","D2","d__Bacteria","Proteobacteria","Gammaproteobacteria","Burkholderiales","Rhodocyclaceae",NA
"230","8d1d388fadb043af075871756afbf99e","MBSF20",0.0487154413725664,2,"Wastewater_Daphnia","LRV_12_3","D1","d__Bacteria","Proteobacteria","Gammaproteobacteria","Burkholderiales","Rhodocyclaceae",NA
"231","8d1d388fadb043af075871756afbf99e","R2D1BW",0.0457882792684555,2,"Wastewater_Control","CONTROL","D1","d__Bacteria","Proteobacteria","Gammaproteobacteria","Burkholderiales","Rhodocyclaceae",NA
"232","8d1d388fadb043af075871756afbf99e","R2D2BW",0.0405297306906053,2,"Wastewater_Control","CONTROL","D2","d__Bacteria","Proteobacteria","Gammaproteobacteria","Burkholderiales","Rhodocyclaceae",NA
"233","8d1d388fadb043af075871756afbf99e","R1D2BW",0.0402270594019577,1,"Wastewater_Control","CONTROL","D2","d__Bacteria","Proteobacteria","Gammaproteobacteria","Burkholderiales","Rhodocyclaceae",NA
"234","8d1d388fadb043af075871756afbf99e","R3D1BW",0.039853943091241,3,"Wastewater_Control","CONTROL","D1","d__Bacteria","Proteobacteria","Gammaproteobacteria","Burkholderiales","Rhodocyclaceae",NA
"235","8d1d388fadb043af075871756afbf99e","MBSF23",0.038613817340629,2,"Wastewater_Daphnia","LRV_12_3","D2","d__Bacteria","Proteobacteria","Gammaproteobacteria","Burkholderiales","Rhodocyclaceae",NA
"236","8d1d388fadb043af075871756afbf99e","MBSF2",0.0363232682060391,2,"Wastewater_Daphnia","LRV_0_1","D1","d__Bacteria","Proteobacteria","Gammaproteobacteria","Burkholderiales","Rhodocyclaceae",NA
"237","8d1d388fadb043af075871756afbf99e","MBSF3",0.0349249047298812,3,"Wastewater_Daphnia","LRV_0_1","D1","d__Bacteria","Proteobacteria","Gammaproteobacteria","Burkholderiales","Rhodocyclaceae",NA
"238","8d1d388fadb043af075871756afbf99e","R2D3BW",0.0338084632516704,2,"Wastewater_Control","CONTROL","D3","d__Bacteria","Proteobacteria","Gammaproteobacteria","Burkholderiales","Rhodocyclaceae",NA
"239","8d1d388fadb043af075871756afbf99e","MBSF4",0.031360128473926,1,"Wastewater_Daphnia","LRV_0_1","D2","d__Bacteria","Proteobacteria","Gammaproteobacteria","Burkholderiales","Rhodocyclaceae",NA
"240","8d1d388fadb043af075871756afbf99e","MBSF6",0.0298215160012463,3,"Wastewater_Daphnia","LRV_0_1","D2","d__Bacteria","Proteobacteria","Gammaproteobacteria","Burkholderiales","Rhodocyclaceae",NA
"241","8d1d388fadb043af075871756afbf99e","MBSF8",0.0284185439992805,2,"Wastewater_Daphnia","LRV_0_1","D3","d__Bacteria","Proteobacteria","Gammaproteobacteria","Burkholderiales","Rhodocyclaceae",NA
"242","8d1d388fadb043af075871756afbf99e","MBSF7",0.0261053199137311,1,"Wastewater_Daphnia","LRV_0_1","D3","d__Bacteria","Proteobacteria","Gammaproteobacteria","Burkholderiales","Rhodocyclaceae",NA
"243","8d1d388fadb043af075871756afbf99e","MBSF13",0.025073614705095,1,"Wastewater_Daphnia","LRV_8.5_3","D2","d__Bacteria","Proteobacteria","Gammaproteobacteria","Burkholderiales","Rhodocyclaceae",NA
"244","8d1d388fadb043af075871756afbf99e","MBSF1",0.0247395833333333,1,"Wastewater_Daphnia","LRV_0_1","D1","d__Bacteria","Proteobacteria","Gammaproteobacteria","Burkholderiales","Rhodocyclaceae",NA
"245","8d1d388fadb043af075871756afbf99e","R1D3BW",0.0233003653212154,1,"Wastewater_Control","CONTROL","D3","d__Bacteria","Proteobacteria","Gammaproteobacteria","Burkholderiales","Rhodocyclaceae",NA
"246","8d1d388fadb043af075871756afbf99e","R1D1BW",0.0197747747747748,1,"Wastewater_Control","CONTROL","D1","d__Bacteria","Proteobacteria","Gammaproteobacteria","Burkholderiales","Rhodocyclaceae",NA
"247","8d1d388fadb043af075871756afbf99e","MBSF10",0.0150938325793882,1,"Wastewater_Daphnia","LRV_8.5_3","D1","d__Bacteria","Proteobacteria","Gammaproteobacteria","Burkholderiales","Rhodocyclaceae",NA
"248","8d1d388fadb043af075871756afbf99e","MBSF22",0.0136157337367625,1,"Wastewater_Daphnia","LRV_12_3","D2","d__Bacteria","Proteobacteria","Gammaproteobacteria","Burkholderiales","Rhodocyclaceae",NA
"249","8d1d388fadb043af075871756afbf99e","MBSF11",0.00231708403885572,2,"Wastewater_Daphnia","LRV_8.5_3","D1","d__Bacteria","Proteobacteria","Gammaproteobacteria","Burkholderiales","Rhodocyclaceae",NA
"250","8d1d388fadb043af075871756afbf99e","MBSF12",0.00120859444941808,3,"Wastewater_Daphnia","LRV_8.5_3","D1","d__Bacteria","Proteobacteria","Gammaproteobacteria","Burkholderiales","Rhodocyclaceae",NA
"251","8d1d388fadb043af075871756afbf99e","R3D2BW8532",0.000180172064321427,3,"Wastewater_Control","CONTROL","D2","d__Bacteria","Proteobacteria","Gammaproteobacteria","Burkholderiales","Rhodocyclaceae",NA
"252","8d1d388fadb043af075871756afbf99e","MBSF15",0.000178388262052357,3,"Wastewater_Daphnia","LRV_8.5_3","D2","d__Bacteria","Proteobacteria","Gammaproteobacteria","Burkholderiales","Rhodocyclaceae",NA
"253","abf6832f29269031a909d89938a6978d","MBSF25",0.332838452259441,1,"Wastewater_Daphnia","LRV_12_3","D3","d__Bacteria","Proteobacteria","Gammaproteobacteria","Salinisphaerales","Solimonadaceae",NA
"254","abf6832f29269031a909d89938a6978d","MBSF24",0.263185279788089,3,"Wastewater_Daphnia","LRV_12_3","D2","d__Bacteria","Proteobacteria","Gammaproteobacteria","Salinisphaerales","Solimonadaceae",NA
"255","abf6832f29269031a909d89938a6978d","MBSF17",0.112162223328656,2,"Wastewater_Daphnia","LRV_8.5_3","D3","d__Bacteria","Proteobacteria","Gammaproteobacteria","Salinisphaerales","Solimonadaceae",NA
"256","abf6832f29269031a909d89938a6978d","MBSF19",0.0719842577338459,1,"Wastewater_Daphnia","LRV_12_3","D1","d__Bacteria","Proteobacteria","Gammaproteobacteria","Salinisphaerales","Solimonadaceae",NA
"257","abf6832f29269031a909d89938a6978d","MBSF15",0.069972795790037,3,"Wastewater_Daphnia","LRV_8.5_3","D2","d__Bacteria","Proteobacteria","Gammaproteobacteria","Salinisphaerales","Solimonadaceae",NA
"258","abf6832f29269031a909d89938a6978d","MBSF14",0.0517984971766484,2,"Wastewater_Daphnia","LRV_8.5_3","D2","d__Bacteria","Proteobacteria","Gammaproteobacteria","Salinisphaerales","Solimonadaceae",NA
"259","abf6832f29269031a909d89938a6978d","MBSF9",0.0299392998950299,3,"Wastewater_Daphnia","LRV_0_1","D3","d__Bacteria","Proteobacteria","Gammaproteobacteria","Salinisphaerales","Solimonadaceae",NA
"260","abf6832f29269031a909d89938a6978d","MBSF8",0.0142992041009038,2,"Wastewater_Daphnia","LRV_0_1","D3","d__Bacteria","Proteobacteria","Gammaproteobacteria","Salinisphaerales","Solimonadaceae",NA
"261","abf6832f29269031a909d89938a6978d","MBSF26",0.013446823923575,2,"Wastewater_Daphnia","LRV_12_3","D3","d__Bacteria","Proteobacteria","Gammaproteobacteria","Salinisphaerales","Solimonadaceae",NA
"262","abf6832f29269031a909d89938a6978d","MBSF16",0.0112485939257593,1,"Wastewater_Daphnia","LRV_8.5_3","D3","d__Bacteria","Proteobacteria","Gammaproteobacteria","Salinisphaerales","Solimonadaceae",NA
"263","abf6832f29269031a909d89938a6978d","MBSF6",0.00988115903324877,3,"Wastewater_Daphnia","LRV_0_1","D2","d__Bacteria","Proteobacteria","Gammaproteobacteria","Salinisphaerales","Solimonadaceae",NA
"264","abf6832f29269031a909d89938a6978d","MBSF7",0.00903127246585191,1,"Wastewater_Daphnia","LRV_0_1","D3","d__Bacteria","Proteobacteria","Gammaproteobacteria","Salinisphaerales","Solimonadaceae",NA
"265","abf6832f29269031a909d89938a6978d","MBSF5",0.00640854472630174,2,"Wastewater_Daphnia","LRV_0_1","D2","d__Bacteria","Proteobacteria","Gammaproteobacteria","Salinisphaerales","Solimonadaceae",NA
"266","abf6832f29269031a909d89938a6978d","MBSF12",0.00420769919427037,3,"Wastewater_Daphnia","LRV_8.5_3","D1","d__Bacteria","Proteobacteria","Gammaproteobacteria","Salinisphaerales","Solimonadaceae",NA
"267","abf6832f29269031a909d89938a6978d","MBSF13",0.00388150263228339,1,"Wastewater_Daphnia","LRV_8.5_3","D2","d__Bacteria","Proteobacteria","Gammaproteobacteria","Salinisphaerales","Solimonadaceae",NA
"268","abf6832f29269031a909d89938a6978d","MBSF4",0.00352411116563322,1,"Wastewater_Daphnia","LRV_0_1","D2","d__Bacteria","Proteobacteria","Gammaproteobacteria","Salinisphaerales","Solimonadaceae",NA
"269","abf6832f29269031a909d89938a6978d","MBSF11",0.00325282951608591,2,"Wastewater_Daphnia","LRV_8.5_3","D1","d__Bacteria","Proteobacteria","Gammaproteobacteria","Salinisphaerales","Solimonadaceae",NA
"270","abf6832f29269031a909d89938a6978d","MBSF32",0.00188099279717392,2,"Wastewater_Daphnia","LR2_36_1","D2","d__Bacteria","Proteobacteria","Gammaproteobacteria","Salinisphaerales","Solimonadaceae",NA
"271","abf6832f29269031a909d89938a6978d","R3D2BW8532",0.00148641953065177,3,"Wastewater_Control","CONTROL","D2","d__Bacteria","Proteobacteria","Gammaproteobacteria","Salinisphaerales","Solimonadaceae",NA
"272","abf6832f29269031a909d89938a6978d","MBSF31",0.0012483837888448,1,"Wastewater_Daphnia","LR2_36_1","D2","d__Bacteria","Proteobacteria","Gammaproteobacteria","Salinisphaerales","Solimonadaceae",NA
"273","abf6832f29269031a909d89938a6978d","MBSF22",0.00124588413277565,1,"Wastewater_Daphnia","LRV_12_3","D2","d__Bacteria","Proteobacteria","Gammaproteobacteria","Salinisphaerales","Solimonadaceae",NA
"274","abf6832f29269031a909d89938a6978d","MBSF23",0.00120112104630989,2,"Wastewater_Daphnia","LRV_12_3","D2","d__Bacteria","Proteobacteria","Gammaproteobacteria","Salinisphaerales","Solimonadaceae",NA
"275","abf6832f29269031a909d89938a6978d","MBSF3",0.00107599193006052,3,"Wastewater_Daphnia","LRV_0_1","D1","d__Bacteria","Proteobacteria","Gammaproteobacteria","Salinisphaerales","Solimonadaceae",NA
"276","abf6832f29269031a909d89938a6978d","R1D3BW",0.00102468145772075,1,"Wastewater_Control","CONTROL","D3","d__Bacteria","Proteobacteria","Gammaproteobacteria","Salinisphaerales","Solimonadaceae",NA
"277","abf6832f29269031a909d89938a6978d","MBSF10",0.000850987593496663,1,"Wastewater_Daphnia","LRV_8.5_3","D1","d__Bacteria","Proteobacteria","Gammaproteobacteria","Salinisphaerales","Solimonadaceae",NA
"278","abf6832f29269031a909d89938a6978d","MBSF28",0.000558945456239229,1,"Wastewater_Daphnia","LR2_36_1","D1","d__Bacteria","Proteobacteria","Gammaproteobacteria","Salinisphaerales","Solimonadaceae",NA
"279","abf6832f29269031a909d89938a6978d","R1D1BW",0.00045045045045045,1,"Wastewater_Control","CONTROL","D1","d__Bacteria","Proteobacteria","Gammaproteobacteria","Salinisphaerales","Solimonadaceae",NA
"280","abf6832f29269031a909d89938a6978d","R3D3BW",0.000445513677269892,3,"Wastewater_Control","CONTROL","D3","d__Bacteria","Proteobacteria","Gammaproteobacteria","Salinisphaerales","Solimonadaceae",NA
"281","abf6832f29269031a909d89938a6978d","MBSF2",0.00044404973357016,2,"Wastewater_Daphnia","LRV_0_1","D1","d__Bacteria","Proteobacteria","Gammaproteobacteria","Salinisphaerales","Solimonadaceae",NA
"282","abf6832f29269031a909d89938a6978d","MBSF20",0.00040003555871633,2,"Wastewater_Daphnia","LRV_12_3","D1","d__Bacteria","Proteobacteria","Gammaproteobacteria","Salinisphaerales","Solimonadaceae",NA
"283","abf6832f29269031a909d89938a6978d","R3D1BW",0.000311706817473394,3,"Wastewater_Control","CONTROL","D1","d__Bacteria","Proteobacteria","Gammaproteobacteria","Salinisphaerales","Solimonadaceae",NA
"284","abf6832f29269031a909d89938a6978d","MBSF30",0.000275646621031837,3,"Wastewater_Daphnia","LR2_36_1","D1","d__Bacteria","Proteobacteria","Gammaproteobacteria","Salinisphaerales","Solimonadaceae",NA
"285","abf6832f29269031a909d89938a6978d","MBSF1",0.000269396551724138,1,"Wastewater_Daphnia","LRV_0_1","D1","d__Bacteria","Proteobacteria","Gammaproteobacteria","Salinisphaerales","Solimonadaceae",NA
"286","abf6832f29269031a909d89938a6978d","R2D1BW",8.89956837093401e-05,2,"Wastewater_Control","CONTROL","D1","d__Bacteria","Proteobacteria","Gammaproteobacteria","Salinisphaerales","Solimonadaceae",NA
"287","77ebc7f6b6e3b3de0c4b525314ccf761","MBSF11",0.444345423759023,2,"Wastewater_Daphnia","LRV_8.5_3","D1","d__Bacteria","Proteobacteria","Alphaproteobacteria","Sphingomonadales","Sphingomonadaceae",NA
"288","77ebc7f6b6e3b3de0c4b525314ccf761","R3D2BW8532",0.414440790955362,3,"Wastewater_Control","CONTROL","D2","d__Bacteria","Proteobacteria","Alphaproteobacteria","Sphingomonadales","Sphingomonadaceae",NA
"289","77ebc7f6b6e3b3de0c4b525314ccf761","MBSF12",0.365846016114593,3,"Wastewater_Daphnia","LRV_8.5_3","D1","d__Bacteria","Proteobacteria","Alphaproteobacteria","Sphingomonadales","Sphingomonadaceae",NA
"290","77ebc7f6b6e3b3de0c4b525314ccf761","R1D3BW",0.35779203421545,1,"Wastewater_Control","CONTROL","D3","d__Bacteria","Proteobacteria","Alphaproteobacteria","Sphingomonadales","Sphingomonadaceae",NA
"291","77ebc7f6b6e3b3de0c4b525314ccf761","MBSF14",0.350140056022409,2,"Wastewater_Daphnia","LRV_8.5_3","D2","d__Bacteria","Proteobacteria","Alphaproteobacteria","Sphingomonadales","Sphingomonadaceae",NA
"292","77ebc7f6b6e3b3de0c4b525314ccf761","MBSF17",0.216086543248993,2,"Wastewater_Daphnia","LRV_8.5_3","D3","d__Bacteria","Proteobacteria","Alphaproteobacteria","Sphingomonadales","Sphingomonadaceae",NA
"293","77ebc7f6b6e3b3de0c4b525314ccf761","R1D2BW",0.203370133643231,1,"Wastewater_Control","CONTROL","D2","d__Bacteria","Proteobacteria","Alphaproteobacteria","Sphingomonadales","Sphingomonadaceae",NA
"294","77ebc7f6b6e3b3de0c4b525314ccf761","MBSF15",0.191990367033849,3,"Wastewater_Daphnia","LRV_8.5_3","D2","d__Bacteria","Proteobacteria","Alphaproteobacteria","Sphingomonadales","Sphingomonadaceae",NA
"295","77ebc7f6b6e3b3de0c4b525314ccf761","R2D1BW",0.183064121390113,2,"Wastewater_Control","CONTROL","D1","d__Bacteria","Proteobacteria","Alphaproteobacteria","Sphingomonadales","Sphingomonadaceae",NA
"296","77ebc7f6b6e3b3de0c4b525314ccf761","MBSF19",0.181127585575691,1,"Wastewater_Daphnia","LRV_12_3","D1","d__Bacteria","Proteobacteria","Alphaproteobacteria","Sphingomonadales","Sphingomonadaceae",NA
"297","77ebc7f6b6e3b3de0c4b525314ccf761","R3D1BW",0.178786124593668,3,"Wastewater_Control","CONTROL","D1","d__Bacteria","Proteobacteria","Alphaproteobacteria","Sphingomonadales","Sphingomonadaceae",NA
"298","77ebc7f6b6e3b3de0c4b525314ccf761","R3D3BW",0.178695535952954,3,"Wastewater_Control","CONTROL","D3","d__Bacteria","Proteobacteria","Alphaproteobacteria","Sphingomonadales","Sphingomonadaceae",NA
"299","77ebc7f6b6e3b3de0c4b525314ccf761","R2D3BW",0.174877505567929,2,"Wastewater_Control","CONTROL","D3","d__Bacteria","Proteobacteria","Alphaproteobacteria","Sphingomonadales","Sphingomonadaceae",NA
"300","77ebc7f6b6e3b3de0c4b525314ccf761","R2D2BW",0.170429295173762,2,"Wastewater_Control","CONTROL","D2","d__Bacteria","Proteobacteria","Alphaproteobacteria","Sphingomonadales","Sphingomonadaceae",NA
"301","77ebc7f6b6e3b3de0c4b525314ccf761","MBSF3",0.142837928715535,3,"Wastewater_Daphnia","LRV_0_1","D1","d__Bacteria","Proteobacteria","Alphaproteobacteria","Sphingomonadales","Sphingomonadaceae",NA
"302","77ebc7f6b6e3b3de0c4b525314ccf761","MBSF20",0.13521201884612,2,"Wastewater_Daphnia","LRV_12_3","D1","d__Bacteria","Proteobacteria","Alphaproteobacteria","Sphingomonadales","Sphingomonadaceae",NA
"303","77ebc7f6b6e3b3de0c4b525314ccf761","MBSF23",0.132657146670226,2,"Wastewater_Daphnia","LRV_12_3","D2","d__Bacteria","Proteobacteria","Alphaproteobacteria","Sphingomonadales","Sphingomonadaceae",NA
"304","77ebc7f6b6e3b3de0c4b525314ccf761","MBSF26",0.120976139810748,2,"Wastewater_Daphnia","LRV_12_3","D3","d__Bacteria","Proteobacteria","Alphaproteobacteria","Sphingomonadales","Sphingomonadaceae",NA
"305","77ebc7f6b6e3b3de0c4b525314ccf761","MBSF10",0.11743628790254,1,"Wastewater_Daphnia","LRV_8.5_3","D1","d__Bacteria","Proteobacteria","Alphaproteobacteria","Sphingomonadales","Sphingomonadaceae",NA
"306","77ebc7f6b6e3b3de0c4b525314ccf761","MBSF1",0.104256465517241,1,"Wastewater_Daphnia","LRV_0_1","D1","d__Bacteria","Proteobacteria","Alphaproteobacteria","Sphingomonadales","Sphingomonadaceae",NA
"307","77ebc7f6b6e3b3de0c4b525314ccf761","MBSF2",0.0948934280639432,2,"Wastewater_Daphnia","LRV_0_1","D1","d__Bacteria","Proteobacteria","Alphaproteobacteria","Sphingomonadales","Sphingomonadaceae",NA
"308","77ebc7f6b6e3b3de0c4b525314ccf761","MBSF28",0.0875681214774792,1,"Wastewater_Daphnia","LR2_36_1","D1","d__Bacteria","Proteobacteria","Alphaproteobacteria","Sphingomonadales","Sphingomonadaceae",NA
"309","77ebc7f6b6e3b3de0c4b525314ccf761","MBSF30",0.0846694537602793,3,"Wastewater_Daphnia","LR2_36_1","D1","d__Bacteria","Proteobacteria","Alphaproteobacteria","Sphingomonadales","Sphingomonadaceae",NA
"310","77ebc7f6b6e3b3de0c4b525314ccf761","MBSF13",0.0845007584545373,1,"Wastewater_Daphnia","LRV_8.5_3","D2","d__Bacteria","Proteobacteria","Alphaproteobacteria","Sphingomonadales","Sphingomonadaceae",NA
"311","77ebc7f6b6e3b3de0c4b525314ccf761","R1D1BW",0.0823423423423423,1,"Wastewater_Control","CONTROL","D1","d__Bacteria","Proteobacteria","Alphaproteobacteria","Sphingomonadales","Sphingomonadaceae",NA
"312","77ebc7f6b6e3b3de0c4b525314ccf761","MBSF4",0.0740509434803943,1,"Wastewater_Daphnia","LRV_0_1","D2","d__Bacteria","Proteobacteria","Alphaproteobacteria","Sphingomonadales","Sphingomonadaceae",NA
"313","77ebc7f6b6e3b3de0c4b525314ccf761","MBSF16",0.0693813273340832,1,"Wastewater_Daphnia","LRV_8.5_3","D3","d__Bacteria","Proteobacteria","Alphaproteobacteria","Sphingomonadales","Sphingomonadaceae",NA
"314","77ebc7f6b6e3b3de0c4b525314ccf761","MBSF32",0.0693214662568243,2,"Wastewater_Daphnia","LR2_36_1","D2","d__Bacteria","Proteobacteria","Alphaproteobacteria","Sphingomonadales","Sphingomonadaceae",NA
"315","77ebc7f6b6e3b3de0c4b525314ccf761","MBSF6",0.0632038100324921,3,"Wastewater_Daphnia","LRV_0_1","D2","d__Bacteria","Proteobacteria","Alphaproteobacteria","Sphingomonadales","Sphingomonadaceae",NA
"316","77ebc7f6b6e3b3de0c4b525314ccf761","MBSF24",0.0616337921574192,3,"Wastewater_Daphnia","LRV_12_3","D2","d__Bacteria","Proteobacteria","Alphaproteobacteria","Sphingomonadales","Sphingomonadaceae",NA
"317","77ebc7f6b6e3b3de0c4b525314ccf761","MBSF7",0.0589953271028037,1,"Wastewater_Daphnia","LRV_0_1","D3","d__Bacteria","Proteobacteria","Alphaproteobacteria","Sphingomonadales","Sphingomonadaceae",NA
"318","77ebc7f6b6e3b3de0c4b525314ccf761","MBSF9",0.0459130117292684,3,"Wastewater_Daphnia","LRV_0_1","D3","d__Bacteria","Proteobacteria","Alphaproteobacteria","Sphingomonadales","Sphingomonadaceae",NA
"319","77ebc7f6b6e3b3de0c4b525314ccf761","MBSF5",0.0453048509123275,2,"Wastewater_Daphnia","LRV_0_1","D2","d__Bacteria","Proteobacteria","Alphaproteobacteria","Sphingomonadales","Sphingomonadaceae",NA
"320","77ebc7f6b6e3b3de0c4b525314ccf761","MBSF8",0.0426727820495526,2,"Wastewater_Daphnia","LRV_0_1","D3","d__Bacteria","Proteobacteria","Alphaproteobacteria","Sphingomonadales","Sphingomonadaceae",NA
"321","77ebc7f6b6e3b3de0c4b525314ccf761","MBSF22",0.0422710687906025,1,"Wastewater_Daphnia","LRV_12_3","D2","d__Bacteria","Proteobacteria","Alphaproteobacteria","Sphingomonadales","Sphingomonadaceae",NA
"322","77ebc7f6b6e3b3de0c4b525314ccf761","MBSF31",0.0419100271969325,1,"Wastewater_Daphnia","LR2_36_1","D2","d__Bacteria","Proteobacteria","Alphaproteobacteria","Sphingomonadales","Sphingomonadaceae",NA
"323","77ebc7f6b6e3b3de0c4b525314ccf761","MBSF25",0.029460888930129,1,"Wastewater_Daphnia","LRV_12_3","D3","d__Bacteria","Proteobacteria","Alphaproteobacteria","Sphingomonadales","Sphingomonadaceae",NA
"324","0277ead9dd2d22dc50cfd715ebcfe6ca","MBSF13",0.287231194788971,1,"Wastewater_Daphnia","LRV_8.5_3","D2","d__Bacteria","Bacteroidota","Bacteroidia","Cytophagales","Spirosomaceae",NA
"325","0277ead9dd2d22dc50cfd715ebcfe6ca","MBSF16",0.267761529808774,1,"Wastewater_Daphnia","LRV_8.5_3","D3","d__Bacteria","Bacteroidota","Bacteroidia","Cytophagales","Spirosomaceae",NA
"326","0277ead9dd2d22dc50cfd715ebcfe6ca","R1D2BW",0.26670540383498,1,"Wastewater_Control","CONTROL","D2","d__Bacteria","Bacteroidota","Bacteroidia","Cytophagales","Spirosomaceae",NA
"327","0277ead9dd2d22dc50cfd715ebcfe6ca","MBSF6",0.246183291049094,3,"Wastewater_Daphnia","LRV_0_1","D2","d__Bacteria","Bacteroidota","Bacteroidia","Cytophagales","Spirosomaceae",NA
"328","0277ead9dd2d22dc50cfd715ebcfe6ca","MBSF23",0.242759909248632,2,"Wastewater_Daphnia","LRV_12_3","D2","d__Bacteria","Bacteroidota","Bacteroidia","Cytophagales","Spirosomaceae",NA
"329","0277ead9dd2d22dc50cfd715ebcfe6ca","MBSF26",0.225381446099516,2,"Wastewater_Daphnia","LRV_12_3","D3","d__Bacteria","Bacteroidota","Bacteroidia","Cytophagales","Spirosomaceae",NA
"330","0277ead9dd2d22dc50cfd715ebcfe6ca","R1D3BW",0.190679853871514,1,"Wastewater_Control","CONTROL","D3","d__Bacteria","Bacteroidota","Bacteroidia","Cytophagales","Spirosomaceae",NA
"331","0277ead9dd2d22dc50cfd715ebcfe6ca","MBSF4",0.186421019761788,1,"Wastewater_Daphnia","LRV_0_1","D2","d__Bacteria","Bacteroidota","Bacteroidia","Cytophagales","Spirosomaceae",NA
"332","0277ead9dd2d22dc50cfd715ebcfe6ca","MBSF7",0.185073687994249,1,"Wastewater_Daphnia","LRV_0_1","D3","d__Bacteria","Bacteroidota","Bacteroidia","Cytophagales","Spirosomaceae",NA
"333","0277ead9dd2d22dc50cfd715ebcfe6ca","MBSF20",0.169170592941595,2,"Wastewater_Daphnia","LRV_12_3","D1","d__Bacteria","Bacteroidota","Bacteroidia","Cytophagales","Spirosomaceae",NA
"334","0277ead9dd2d22dc50cfd715ebcfe6ca","MBSF9",0.155720870795491,3,"Wastewater_Daphnia","LRV_0_1","D3","d__Bacteria","Bacteroidota","Bacteroidia","Cytophagales","Spirosomaceae",NA
"335","0277ead9dd2d22dc50cfd715ebcfe6ca","MBSF22",0.149995550413812,1,"Wastewater_Daphnia","LRV_12_3","D2","d__Bacteria","Bacteroidota","Bacteroidia","Cytophagales","Spirosomaceae",NA
"336","0277ead9dd2d22dc50cfd715ebcfe6ca","MBSF31",0.142449507334255,1,"Wastewater_Daphnia","LR2_36_1","D2","d__Bacteria","Bacteroidota","Bacteroidia","Cytophagales","Spirosomaceae",NA
"337","0277ead9dd2d22dc50cfd715ebcfe6ca","MBSF8",0.139799451414182,2,"Wastewater_Daphnia","LRV_0_1","D3","d__Bacteria","Bacteroidota","Bacteroidia","Cytophagales","Spirosomaceae",NA
"338","0277ead9dd2d22dc50cfd715ebcfe6ca","MBSF3",0.139565119928267,3,"Wastewater_Daphnia","LRV_0_1","D1","d__Bacteria","Bacteroidota","Bacteroidia","Cytophagales","Spirosomaceae",NA
"339","0277ead9dd2d22dc50cfd715ebcfe6ca","MBSF10",0.132709275764769,1,"Wastewater_Daphnia","LRV_8.5_3","D1","d__Bacteria","Bacteroidota","Bacteroidia","Cytophagales","Spirosomaceae",NA
"340","0277ead9dd2d22dc50cfd715ebcfe6ca","MBSF5",0.131553182020472,2,"Wastewater_Daphnia","LRV_0_1","D2","d__Bacteria","Bacteroidota","Bacteroidia","Cytophagales","Spirosomaceae",NA
"341","0277ead9dd2d22dc50cfd715ebcfe6ca","R3D3BW",0.124832932371024,3,"Wastewater_Control","CONTROL","D3","d__Bacteria","Bacteroidota","Bacteroidia","Cytophagales","Spirosomaceae",NA
"342","0277ead9dd2d22dc50cfd715ebcfe6ca","R3D1BW",0.124682726989357,3,"Wastewater_Control","CONTROL","D1","d__Bacteria","Bacteroidota","Bacteroidia","Cytophagales","Spirosomaceae",NA
"343","0277ead9dd2d22dc50cfd715ebcfe6ca","R2D2BW",0.123366811838948,2,"Wastewater_Control","CONTROL","D2","d__Bacteria","Bacteroidota","Bacteroidia","Cytophagales","Spirosomaceae",NA
"344","0277ead9dd2d22dc50cfd715ebcfe6ca","MBSF1",0.122934626436782,1,"Wastewater_Daphnia","LRV_0_1","D1","d__Bacteria","Bacteroidota","Bacteroidia","Cytophagales","Spirosomaceae",NA
"345","0277ead9dd2d22dc50cfd715ebcfe6ca","R2D1BW",0.121345614737685,2,"Wastewater_Control","CONTROL","D1","d__Bacteria","Bacteroidota","Bacteroidia","Cytophagales","Spirosomaceae",NA
"346","0277ead9dd2d22dc50cfd715ebcfe6ca","MBSF32",0.119924760288113,2,"Wastewater_Daphnia","LR2_36_1","D2","d__Bacteria","Bacteroidota","Bacteroidia","Cytophagales","Spirosomaceae",NA
"347","0277ead9dd2d22dc50cfd715ebcfe6ca","R2D3BW",0.114832962138085,2,"Wastewater_Control","CONTROL","D3","d__Bacteria","Bacteroidota","Bacteroidia","Cytophagales","Spirosomaceae",NA
"348","0277ead9dd2d22dc50cfd715ebcfe6ca","MBSF30",0.105526714751688,3,"Wastewater_Daphnia","LR2_36_1","D1","d__Bacteria","Bacteroidota","Bacteroidia","Cytophagales","Spirosomaceae",NA
"349","0277ead9dd2d22dc50cfd715ebcfe6ca","MBSF2",0.0831261101243339,2,"Wastewater_Daphnia","LRV_0_1","D1","d__Bacteria","Bacteroidota","Bacteroidia","Cytophagales","Spirosomaceae",NA
"350","0277ead9dd2d22dc50cfd715ebcfe6ca","R1D1BW",0.0658108108108108,1,"Wastewater_Control","CONTROL","D1","d__Bacteria","Bacteroidota","Bacteroidia","Cytophagales","Spirosomaceae",NA
"351","0277ead9dd2d22dc50cfd715ebcfe6ca","MBSF28",0.0558479668359029,1,"Wastewater_Daphnia","LR2_36_1","D1","d__Bacteria","Bacteroidota","Bacteroidia","Cytophagales","Spirosomaceae",NA
"352","0277ead9dd2d22dc50cfd715ebcfe6ca","MBSF24",0.037037037037037,3,"Wastewater_Daphnia","LRV_12_3","D2","d__Bacteria","Bacteroidota","Bacteroidia","Cytophagales","Spirosomaceae",NA
"353","0277ead9dd2d22dc50cfd715ebcfe6ca","MBSF25",0.0265379975874548,1,"Wastewater_Daphnia","LRV_12_3","D3","d__Bacteria","Bacteroidota","Bacteroidia","Cytophagales","Spirosomaceae",NA
"354","0277ead9dd2d22dc50cfd715ebcfe6ca","MBSF17",0.0127189607568008,2,"Wastewater_Daphnia","LRV_8.5_3","D3","d__Bacteria","Bacteroidota","Bacteroidia","Cytophagales","Spirosomaceae",NA
"355","0277ead9dd2d22dc50cfd715ebcfe6ca","MBSF19",0.00590334980779791,1,"Wastewater_Daphnia","LRV_12_3","D1","d__Bacteria","Bacteroidota","Bacteroidia","Cytophagales","Spirosomaceae",NA
"356","0277ead9dd2d22dc50cfd715ebcfe6ca","MBSF15",0.000624358917183249,3,"Wastewater_Daphnia","LRV_8.5_3","D2","d__Bacteria","Bacteroidota","Bacteroidia","Cytophagales","Spirosomaceae",NA
"357","0277ead9dd2d22dc50cfd715ebcfe6ca","MBSF14",0.000222311146680895,2,"Wastewater_Daphnia","LRV_8.5_3","D2","d__Bacteria","Bacteroidota","Bacteroidia","Cytophagales","Spirosomaceae",NA
"358","0277ead9dd2d22dc50cfd715ebcfe6ca","MBSF11",0.000178237233758132,2,"Wastewater_Daphnia","LRV_8.5_3","D1","d__Bacteria","Bacteroidota","Bacteroidia","Cytophagales","Spirosomaceae",NA
"359","0277ead9dd2d22dc50cfd715ebcfe6ca","R3D2BW8532",0.00013512904824107,3,"Wastewater_Control","CONTROL","D2","d__Bacteria","Bacteroidota","Bacteroidia","Cytophagales","Spirosomaceae",NA
"360","0277ead9dd2d22dc50cfd715ebcfe6ca","MBSF12",0.000134288272157565,3,"Wastewater_Daphnia","LRV_8.5_3","D1","d__Bacteria","Bacteroidota","Bacteroidia","Cytophagales","Spirosomaceae",NA
"361","Other","MBSF7",0.25211179007908,1,"Wastewater_Daphnia","LRV_0_1","D3","other","other","other","other","other","other"
"362","Other","MBSF8",0.244705247538109,2,"Wastewater_Daphnia","LRV_0_1","D3","other","other","other","other","other","other"
"363","Other","MBSF9",0.232257770069828,3,"Wastewater_Daphnia","LRV_0_1","D3","other","other","other","other","other","other"
"364","Other","MBSF24",0.21228891726976,3,"Wastewater_Daphnia","LRV_12_3","D2","other","other","other","other","other","other"
"365","Other","MBSF28",0.189855139969258,1,"Wastewater_Daphnia","LR2_36_1","D1","other","other","other","other","other","other"
"366","Other","MBSF30",0.18909358202784,3,"Wastewater_Daphnia","LR2_36_1","D1","other","other","other","other","other","other"
"367","Other","MBSF25",0.160851814048436,1,"Wastewater_Daphnia","LRV_12_3","D3","other","other","other","other","other","other"
"368","Other","MBSF32",0.156627058769555,2,"Wastewater_Daphnia","LR2_36_1","D2","other","other","other","other","other","other"
"369","Other","MBSF3",0.133781663304192,3,"Wastewater_Daphnia","LRV_0_1","D1","other","other","other","other","other","other"
"370","Other","MBSF2",0.131749555950266,2,"Wastewater_Daphnia","LRV_0_1","D1","other","other","other","other","other","other"
"371","Other","MBSF4",0.131596556185038,1,"Wastewater_Daphnia","LRV_0_1","D2","other","other","other","other","other","other"
"372","Other","MBSF6",0.130547024524859,3,"Wastewater_Daphnia","LRV_0_1","D2","other","other","other","other","other","other"
"373","Other","R1D1BW",0.117522522522523,1,"Wastewater_Control","CONTROL","D1","other","other","other","other","other","other"
"374","Other","MBSF5",0.109657320872274,2,"Wastewater_Daphnia","LRV_0_1","D2","other","other","other","other","other","other"
"375","Other","MBSF20",0.109431949506623,2,"Wastewater_Daphnia","LRV_12_3","D1","other","other","other","other","other","other"
"376","Other","MBSF1",0.108162715517241,1,"Wastewater_Daphnia","LRV_0_1","D1","other","other","other","other","other","other"
"377","Other","MBSF23",0.10689977312158,2,"Wastewater_Daphnia","LRV_12_3","D2","other","other","other","other","other","other"
"378","Other","R1D2BW",0.103964600187726,1,"Wastewater_Control","CONTROL","D2","other","other","other","other","other","other"
"379","Other","MBSF26",0.102367908724589,2,"Wastewater_Daphnia","LRV_12_3","D3","other","other","other","other","other","other"
"380","Other","MBSF31",0.0958134557938383,1,"Wastewater_Daphnia","LR2_36_1","D2","other","other","other","other","other","other"
"381","Other","MBSF10",0.0842477717561697,1,"Wastewater_Daphnia","LRV_8.5_3","D1","other","other","other","other","other","other"
"382","Other","MBSF19",0.0790774299835255,1,"Wastewater_Daphnia","LRV_12_3","D1","other","other","other","other","other","other"
"383","Other","MBSF22",0.0737741390050725,1,"Wastewater_Daphnia","LRV_12_3","D2","other","other","other","other","other","other"
"384","Other","MBSF16",0.0730708661417323,1,"Wastewater_Daphnia","LRV_8.5_3","D3","other","other","other","other","other","other"
"385","Other","MBSF17",0.0629611189064409,2,"Wastewater_Daphnia","LRV_8.5_3","D3","other","other","other","other","other","other"
"386","Other","R2D3BW",0.0590200445434298,2,"Wastewater_Control","CONTROL","D3","other","other","other","other","other","other"
"387","Other","R2D1BW",0.057046233257687,2,"Wastewater_Control","CONTROL","D1","other","other","other","other","other","other"
"388","Other","R3D1BW",0.0536135726054237,3,"Wastewater_Control","CONTROL","D1","other","other","other","other","other","other"
"389","Other","MBSF13",0.0513518336753815,1,"Wastewater_Daphnia","LRV_8.5_3","D2","other","other","other","other","other","other"
"390","Other","R2D2BW",0.0508399253399698,2,"Wastewater_Control","CONTROL","D2","other","other","other","other","other","other"
"391","Other","R3D2BW8532",0.048736543398946,3,"Wastewater_Control","CONTROL","D2","other","other","other","other","other","other"
"392","Other","MBSF12",0.0467323187108326,3,"Wastewater_Daphnia","LRV_8.5_3","D1","other","other","other","other","other","other"
"393","Other","R3D3BW",0.0461552169651608,3,"Wastewater_Control","CONTROL","D3","other","other","other","other","other","other"
"394","Other","R1D3BW",0.0446404704624432,1,"Wastewater_Control","CONTROL","D3","other","other","other","other","other","other"
"395","Other","MBSF11",0.0424204616344354,2,"Wastewater_Daphnia","LRV_8.5_3","D1","other","other","other","other","other","other"
"396","Other","MBSF14",0.0396603085678716,2,"Wastewater_Daphnia","LRV_8.5_3","D2","other","other","other","other","other","other"
"397","Other","MBSF15",0.0280961512732462,3,"Wastewater_Daphnia","LRV_8.5_3","D2","other","other","other","other","other","other"
