"","OTU","Sample","Abundance","Genotype","Day","Treatment","SampleVolume","Kingdom","Phylum","Class","Order","Family","Genus"
"1","3985c3e705e48e20bd56aea8baa559a8","R3D3BW",0.053384142078031,"CONTROL","D3","Wastewater_Control",100,"d__Bacteria","Proteobacteria","Gammaproteobacteria","Burkholderiales","Rhodocyclaceae","C39"
"2","3985c3e705e48e20bd56aea8baa559a8","R1D2BW",0.0515378221113882,"CONTROL","D2","Wastewater_Control",100,"d__Bacteria","Proteobacteria","Gammaproteobacteria","Burkholderiales","Rhodocyclaceae","C39"
"3","3985c3e705e48e20bd56aea8baa559a8","R3D1BW",0.0371856883125793,"CONTROL","D1","Wastewater_Control",100,"d__Bacteria","Proteobacteria","Gammaproteobacteria","Burkholderiales","Rhodocyclaceae","C39"
"4","3985c3e705e48e20bd56aea8baa559a8","R2D2BW",0.0370951779681261,"CONTROL","D2","Wastewater_Control",100,"d__Bacteria","Proteobacteria","Gammaproteobacteria","Burkholderiales","Rhodocyclaceae","C39"
"5","3985c3e705e48e20bd56aea8baa559a8","R2D1BW",0.035616532092514,"CONTROL","D1","Wastewater_Control",100,"d__Bacteria","Proteobacteria","Gammaproteobacteria","Burkholderiales","Rhodocyclaceae","C39"
"6","3985c3e705e48e20bd56aea8baa559a8","R2D3BW",0.0258188824662813,"CONTROL","D3","Wastewater_Control",100,"d__Bacteria","Proteobacteria","Gammaproteobacteria","Burkholderiales","Rhodocyclaceae","C39"
"7","3985c3e705e48e20bd56aea8baa559a8","R1D3BW",0.0257233604411713,"CONTROL","D3","Wastewater_Control",100,"d__Bacteria","Proteobacteria","Gammaproteobacteria","Burkholderiales","Rhodocyclaceae","C39"
"8","3985c3e705e48e20bd56aea8baa559a8","MBSF3",0.0251487673561916,"LRV_0_1","D1","Wastewater_Daphnia",100,"d__Bacteria","Proteobacteria","Gammaproteobacteria","Burkholderiales","Rhodocyclaceae","C39"
"9","3985c3e705e48e20bd56aea8baa559a8","MBSF2",0.0248408308109801,"LRV_0_1","D1","Wastewater_Daphnia",100,"d__Bacteria","Proteobacteria","Gammaproteobacteria","Burkholderiales","Rhodocyclaceae","C39"
"10","3985c3e705e48e20bd56aea8baa559a8","MBSF6",0.0189526382708201,"LRV_0_1","D2","Wastewater_Daphnia",100,"d__Bacteria","Proteobacteria","Gammaproteobacteria","Burkholderiales","Rhodocyclaceae","C39"
"11","3985c3e705e48e20bd56aea8baa559a8","MBSF1",0.0153253724376677,"LRV_0_1","D1","Wastewater_Daphnia",100,"d__Bacteria","Proteobacteria","Gammaproteobacteria","Burkholderiales","Rhodocyclaceae","C39"
"12","3985c3e705e48e20bd56aea8baa559a8","R1D1BW",0.0149868436105709,"CONTROL","D1","Wastewater_Control",100,"d__Bacteria","Proteobacteria","Gammaproteobacteria","Burkholderiales","Rhodocyclaceae","C39"
"13","3985c3e705e48e20bd56aea8baa559a8","MBSF4",0.0142456795889771,"LRV_0_1","D2","Wastewater_Daphnia",100,"d__Bacteria","Proteobacteria","Gammaproteobacteria","Burkholderiales","Rhodocyclaceae","C39"
"14","3985c3e705e48e20bd56aea8baa559a8","MBSF5",0.00626971305485037,"LRV_0_1","D2","Wastewater_Daphnia",100,"d__Bacteria","Proteobacteria","Gammaproteobacteria","Burkholderiales","Rhodocyclaceae","C39"
"15","3985c3e705e48e20bd56aea8baa559a8","MBSF9",0.0046537092800438,"LRV_0_1","D3","Wastewater_Daphnia",100,"d__Bacteria","Proteobacteria","Gammaproteobacteria","Burkholderiales","Rhodocyclaceae","C39"
"16","3985c3e705e48e20bd56aea8baa559a8","MBSF7",0.00433597067632202,"LRV_0_1","D3","Wastewater_Daphnia",100,"d__Bacteria","Proteobacteria","Gammaproteobacteria","Burkholderiales","Rhodocyclaceae","C39"
"17","3985c3e705e48e20bd56aea8baa559a8","MBSF8",0.00297949702050298,"LRV_0_1","D3","Wastewater_Daphnia",100,"d__Bacteria","Proteobacteria","Gammaproteobacteria","Burkholderiales","Rhodocyclaceae","C39"
"18","aee8feac864a07a2942dddaaa2a3872d","R1D1BW",0.386759714754223,"CONTROL","D1","Wastewater_Control",100,"d__Bacteria","Proteobacteria","Gammaproteobacteria","Burkholderiales","Comamonadaceae","Curvibacter"
"19","aee8feac864a07a2942dddaaa2a3872d","MBSF1",0.215916605079933,"LRV_0_1","D1","Wastewater_Daphnia",100,"d__Bacteria","Proteobacteria","Gammaproteobacteria","Burkholderiales","Comamonadaceae","Curvibacter"
"20","aee8feac864a07a2942dddaaa2a3872d","MBSF4",0.0351471275105091,"LRV_0_1","D2","Wastewater_Daphnia",100,"d__Bacteria","Proteobacteria","Gammaproteobacteria","Burkholderiales","Comamonadaceae","Curvibacter"
"21","aee8feac864a07a2942dddaaa2a3872d","MBSF6",0.0187937062937063,"LRV_0_1","D2","Wastewater_Daphnia",100,"d__Bacteria","Proteobacteria","Gammaproteobacteria","Burkholderiales","Comamonadaceae","Curvibacter"
"22","aee8feac864a07a2942dddaaa2a3872d","MBSF3",0.0156559931992066,"LRV_0_1","D1","Wastewater_Daphnia",100,"d__Bacteria","Proteobacteria","Gammaproteobacteria","Burkholderiales","Comamonadaceae","Curvibacter"
"23","aee8feac864a07a2942dddaaa2a3872d","R1D2BW",0.00886672208367969,"CONTROL","D2","Wastewater_Control",100,"d__Bacteria","Proteobacteria","Gammaproteobacteria","Burkholderiales","Comamonadaceae","Curvibacter"
"24","aee8feac864a07a2942dddaaa2a3872d","MBSF2",0.00807153045959016,"LRV_0_1","D1","Wastewater_Daphnia",100,"d__Bacteria","Proteobacteria","Gammaproteobacteria","Burkholderiales","Comamonadaceae","Curvibacter"
"25","aee8feac864a07a2942dddaaa2a3872d","R3D1BW",0.00686082810195191,"CONTROL","D1","Wastewater_Control",100,"d__Bacteria","Proteobacteria","Gammaproteobacteria","Burkholderiales","Comamonadaceae","Curvibacter"
"26","aee8feac864a07a2942dddaaa2a3872d","R2D1BW",0.00663747091829752,"CONTROL","D1","Wastewater_Control",100,"d__Bacteria","Proteobacteria","Gammaproteobacteria","Burkholderiales","Comamonadaceae","Curvibacter"
"27","aee8feac864a07a2942dddaaa2a3872d","MBSF5",0.00653896453573352,"LRV_0_1","D2","Wastewater_Daphnia",100,"d__Bacteria","Proteobacteria","Gammaproteobacteria","Burkholderiales","Comamonadaceae","Curvibacter"
"28","aee8feac864a07a2942dddaaa2a3872d","MBSF8",0.00641349358650641,"LRV_0_1","D3","Wastewater_Daphnia",100,"d__Bacteria","Proteobacteria","Gammaproteobacteria","Burkholderiales","Comamonadaceae","Curvibacter"
"29","aee8feac864a07a2942dddaaa2a3872d","MBSF9",0.00618669586641117,"LRV_0_1","D3","Wastewater_Daphnia",100,"d__Bacteria","Proteobacteria","Gammaproteobacteria","Burkholderiales","Comamonadaceae","Curvibacter"
"30","aee8feac864a07a2942dddaaa2a3872d","R1D3BW",0.00404872430281666,"CONTROL","D3","Wastewater_Control",100,"d__Bacteria","Proteobacteria","Gammaproteobacteria","Burkholderiales","Comamonadaceae","Curvibacter"
"31","aee8feac864a07a2942dddaaa2a3872d","MBSF7",0.00393366411872514,"LRV_0_1","D3","Wastewater_Daphnia",100,"d__Bacteria","Proteobacteria","Gammaproteobacteria","Burkholderiales","Comamonadaceae","Curvibacter"
"32","aee8feac864a07a2942dddaaa2a3872d","R2D2BW",0.00375388185510016,"CONTROL","D2","Wastewater_Control",100,"d__Bacteria","Proteobacteria","Gammaproteobacteria","Burkholderiales","Comamonadaceae","Curvibacter"
"33","aee8feac864a07a2942dddaaa2a3872d","R2D3BW",0.00371343492730776,"CONTROL","D3","Wastewater_Control",100,"d__Bacteria","Proteobacteria","Gammaproteobacteria","Burkholderiales","Comamonadaceae","Curvibacter"
"34","aee8feac864a07a2942dddaaa2a3872d","R3D3BW",0.00342609425255209,"CONTROL","D3","Wastewater_Control",100,"d__Bacteria","Proteobacteria","Gammaproteobacteria","Burkholderiales","Comamonadaceae","Curvibacter"
"35","cd71dff3bef41f1f9c7932726c17df85","R3D2BW8532",0.0603690960275258,"CONTROL","D2","Wastewater_Control",100,"d__Bacteria","Bacteroidota","Bacteroidia","Flavobacteriales","Flavobacteriaceae","Flavobacterium"
"36","cd71dff3bef41f1f9c7932726c17df85","R3D3BW",0.054223185568452,"CONTROL","D3","Wastewater_Control",100,"d__Bacteria","Bacteroidota","Bacteroidia","Flavobacteriales","Flavobacteriaceae","Flavobacterium"
"37","cd71dff3bef41f1f9c7932726c17df85","MBSF9",0.0506980563920066,"LRV_0_1","D3","Wastewater_Daphnia",100,"d__Bacteria","Bacteroidota","Bacteroidia","Flavobacteriales","Flavobacteriaceae","Flavobacterium"
"38","cd71dff3bef41f1f9c7932726c17df85","R2D2BW",0.0385626045114835,"CONTROL","D2","Wastewater_Control",100,"d__Bacteria","Bacteroidota","Bacteroidia","Flavobacteriales","Flavobacteriaceae","Flavobacterium"
"39","cd71dff3bef41f1f9c7932726c17df85","R2D3BW",0.0345069188999825,"CONTROL","D3","Wastewater_Control",100,"d__Bacteria","Bacteroidota","Bacteroidia","Flavobacteriales","Flavobacteriaceae","Flavobacterium"
"40","cd71dff3bef41f1f9c7932726c17df85","MBSF4",0.0333956095282578,"LRV_0_1","D2","Wastewater_Daphnia",100,"d__Bacteria","Bacteroidota","Bacteroidia","Flavobacteriales","Flavobacteriaceae","Flavobacterium"
"41","cd71dff3bef41f1f9c7932726c17df85","R2D1BW",0.032947858218147,"CONTROL","D1","Wastewater_Control",100,"d__Bacteria","Bacteroidota","Bacteroidia","Flavobacteriales","Flavobacteriaceae","Flavobacterium"
"42","cd71dff3bef41f1f9c7932726c17df85","MBSF6",0.032581055308328,"LRV_0_1","D2","Wastewater_Daphnia",100,"d__Bacteria","Bacteroidota","Bacteroidia","Flavobacteriales","Flavobacteriaceae","Flavobacterium"
"43","cd71dff3bef41f1f9c7932726c17df85","MBSF3",0.0306389912156418,"LRV_0_1","D1","Wastewater_Daphnia",100,"d__Bacteria","Bacteroidota","Bacteroidia","Flavobacteriales","Flavobacteriaceae","Flavobacterium"
"44","cd71dff3bef41f1f9c7932726c17df85","MBSF8",0.0297949702050298,"LRV_0_1","D3","Wastewater_Daphnia",100,"d__Bacteria","Bacteroidota","Bacteroidia","Flavobacteriales","Flavobacteriaceae","Flavobacterium"
"45","cd71dff3bef41f1f9c7932726c17df85","MBSF7",0.0291448750614635,"LRV_0_1","D3","Wastewater_Daphnia",100,"d__Bacteria","Bacteroidota","Bacteroidia","Flavobacteriales","Flavobacteriaceae","Flavobacterium"
"46","cd71dff3bef41f1f9c7932726c17df85","R3D1BW",0.0286439573256492,"CONTROL","D1","Wastewater_Control",100,"d__Bacteria","Bacteroidota","Bacteroidia","Flavobacteriales","Flavobacteriaceae","Flavobacterium"
"47","cd71dff3bef41f1f9c7932726c17df85","R1D3BW",0.0260025828068828,"CONTROL","D3","Wastewater_Control",100,"d__Bacteria","Bacteroidota","Bacteroidia","Flavobacteriales","Flavobacteriaceae","Flavobacterium"
"48","cd71dff3bef41f1f9c7932726c17df85","MBSF1",0.0210043175541639,"LRV_0_1","D1","Wastewater_Daphnia",100,"d__Bacteria","Bacteroidota","Bacteroidia","Flavobacteriales","Flavobacteriaceae","Flavobacterium"
"49","cd71dff3bef41f1f9c7932726c17df85","MBSF5",0.0171551657819832,"LRV_0_1","D2","Wastewater_Daphnia",100,"d__Bacteria","Bacteroidota","Bacteroidia","Flavobacteriales","Flavobacteriaceae","Flavobacterium"
"50","cd71dff3bef41f1f9c7932726c17df85","MBSF2",0.0139164318268796,"LRV_0_1","D1","Wastewater_Daphnia",100,"d__Bacteria","Bacteroidota","Bacteroidia","Flavobacteriales","Flavobacteriaceae","Flavobacterium"
"51","cd71dff3bef41f1f9c7932726c17df85","R1D2BW",0.0130576336935439,"CONTROL","D2","Wastewater_Control",100,"d__Bacteria","Bacteroidota","Bacteroidia","Flavobacteriales","Flavobacteriaceae","Flavobacterium"
"52","cd71dff3bef41f1f9c7932726c17df85","R1D1BW",0.0064065896350532,"CONTROL","D1","Wastewater_Control",100,"d__Bacteria","Bacteroidota","Bacteroidia","Flavobacteriales","Flavobacteriaceae","Flavobacterium"
"53","6cadc93040df9ac9ddeee36204e91a65","R3D2BW8532",0.306224585548952,"CONTROL","D2","Wastewater_Control",100,"d__Bacteria","Proteobacteria","Gammaproteobacteria","Burkholderiales","Comamonadaceae","Limnohabitans"
"54","6cadc93040df9ac9ddeee36204e91a65","MBSF4",0.283745913124708,"LRV_0_1","D2","Wastewater_Daphnia",100,"d__Bacteria","Proteobacteria","Gammaproteobacteria","Burkholderiales","Comamonadaceae","Limnohabitans"
"55","6cadc93040df9ac9ddeee36204e91a65","MBSF5",0.244557273636434,"LRV_0_1","D2","Wastewater_Daphnia",100,"d__Bacteria","Proteobacteria","Gammaproteobacteria","Burkholderiales","Comamonadaceae","Limnohabitans"
"56","6cadc93040df9ac9ddeee36204e91a65","MBSF2",0.231673798837978,"LRV_0_1","D1","Wastewater_Daphnia",100,"d__Bacteria","Proteobacteria","Gammaproteobacteria","Burkholderiales","Comamonadaceae","Limnohabitans"
"57","6cadc93040df9ac9ddeee36204e91a65","MBSF6",0.190281309599491,"LRV_0_1","D2","Wastewater_Daphnia",100,"d__Bacteria","Proteobacteria","Gammaproteobacteria","Burkholderiales","Comamonadaceae","Limnohabitans"
"58","6cadc93040df9ac9ddeee36204e91a65","MBSF3",0.179973080192689,"LRV_0_1","D1","Wastewater_Daphnia",100,"d__Bacteria","Proteobacteria","Gammaproteobacteria","Burkholderiales","Comamonadaceae","Limnohabitans"
"59","6cadc93040df9ac9ddeee36204e91a65","MBSF7",0.167493630146171,"LRV_0_1","D3","Wastewater_Daphnia",100,"d__Bacteria","Proteobacteria","Gammaproteobacteria","Burkholderiales","Comamonadaceae","Limnohabitans"
"60","6cadc93040df9ac9ddeee36204e91a65","MBSF8",0.134531865468135,"LRV_0_1","D3","Wastewater_Daphnia",100,"d__Bacteria","Proteobacteria","Gammaproteobacteria","Burkholderiales","Comamonadaceae","Limnohabitans"
"61","6cadc93040df9ac9ddeee36204e91a65","R1D3BW",0.129245052528708,"CONTROL","D3","Wastewater_Control",100,"d__Bacteria","Proteobacteria","Gammaproteobacteria","Burkholderiales","Comamonadaceae","Limnohabitans"
"62","6cadc93040df9ac9ddeee36204e91a65","MBSF1",0.12723170874013,"LRV_0_1","D1","Wastewater_Daphnia",100,"d__Bacteria","Proteobacteria","Gammaproteobacteria","Burkholderiales","Comamonadaceae","Limnohabitans"
"63","6cadc93040df9ac9ddeee36204e91a65","R1D2BW",0.126904959822666,"CONTROL","D2","Wastewater_Control",100,"d__Bacteria","Proteobacteria","Gammaproteobacteria","Burkholderiales","Comamonadaceae","Limnohabitans"
"64","6cadc93040df9ac9ddeee36204e91a65","MBSF9",0.118313714754996,"LRV_0_1","D3","Wastewater_Daphnia",100,"d__Bacteria","Proteobacteria","Gammaproteobacteria","Burkholderiales","Comamonadaceae","Limnohabitans"
"65","6cadc93040df9ac9ddeee36204e91a65","R2D3BW",0.102574881765633,"CONTROL","D3","Wastewater_Control",100,"d__Bacteria","Proteobacteria","Gammaproteobacteria","Burkholderiales","Comamonadaceae","Limnohabitans"
"66","6cadc93040df9ac9ddeee36204e91a65","R3D3BW",0.101069780450287,"CONTROL","D3","Wastewater_Control",100,"d__Bacteria","Proteobacteria","Gammaproteobacteria","Burkholderiales","Comamonadaceae","Limnohabitans"
"67","6cadc93040df9ac9ddeee36204e91a65","R2D2BW",0.0865099136607173,"CONTROL","D2","Wastewater_Control",100,"d__Bacteria","Proteobacteria","Gammaproteobacteria","Burkholderiales","Comamonadaceae","Limnohabitans"
"68","6cadc93040df9ac9ddeee36204e91a65","R3D1BW",0.0850399643236939,"CONTROL","D1","Wastewater_Control",100,"d__Bacteria","Proteobacteria","Gammaproteobacteria","Burkholderiales","Comamonadaceae","Limnohabitans"
"69","6cadc93040df9ac9ddeee36204e91a65","R2D1BW",0.0813945531681949,"CONTROL","D1","Wastewater_Control",100,"d__Bacteria","Proteobacteria","Gammaproteobacteria","Burkholderiales","Comamonadaceae","Limnohabitans"
"70","6cadc93040df9ac9ddeee36204e91a65","R1D1BW",0.0617778286237273,"CONTROL","D1","Wastewater_Control",100,"d__Bacteria","Proteobacteria","Gammaproteobacteria","Burkholderiales","Comamonadaceae","Limnohabitans"
"71","03b8108cd068fb455723194ee5c8e452","MBSF8",0.111200888799111,"LRV_0_1","D3","Wastewater_Daphnia",100,"d__Bacteria","Bacteroidota","Bacteroidia","Sphingobacteriales","NS11-12_marine_group","NS11-12_marine_group"
"72","03b8108cd068fb455723194ee5c8e452","MBSF7",0.0991015153547003,"LRV_0_1","D3","Wastewater_Daphnia",100,"d__Bacteria","Bacteroidota","Bacteroidia","Sphingobacteriales","NS11-12_marine_group","NS11-12_marine_group"
"73","03b8108cd068fb455723194ee5c8e452","MBSF9",0.0775253216534355,"LRV_0_1","D3","Wastewater_Daphnia",100,"d__Bacteria","Bacteroidota","Bacteroidia","Sphingobacteriales","NS11-12_marine_group","NS11-12_marine_group"
"74","03b8108cd068fb455723194ee5c8e452","MBSF3",0.0247591385661661,"LRV_0_1","D1","Wastewater_Daphnia",100,"d__Bacteria","Bacteroidota","Bacteroidia","Sphingobacteriales","NS11-12_marine_group","NS11-12_marine_group"
"75","03b8108cd068fb455723194ee5c8e452","R2D3BW",0.0202487300753197,"CONTROL","D3","Wastewater_Control",100,"d__Bacteria","Bacteroidota","Bacteroidia","Sphingobacteriales","NS11-12_marine_group","NS11-12_marine_group"
"76","03b8108cd068fb455723194ee5c8e452","MBSF5",0.0192707131317794,"LRV_0_1","D2","Wastewater_Daphnia",100,"d__Bacteria","Bacteroidota","Bacteroidia","Sphingobacteriales","NS11-12_marine_group","NS11-12_marine_group"
"77","03b8108cd068fb455723194ee5c8e452","R2D2BW",0.0186329044807699,"CONTROL","D2","Wastewater_Control",100,"d__Bacteria","Bacteroidota","Bacteroidia","Sphingobacteriales","NS11-12_marine_group","NS11-12_marine_group"
"78","03b8108cd068fb455723194ee5c8e452","R3D3BW",0.0153824639910502,"CONTROL","D3","Wastewater_Control",100,"d__Bacteria","Bacteroidota","Bacteroidia","Sphingobacteriales","NS11-12_marine_group","NS11-12_marine_group"
"79","03b8108cd068fb455723194ee5c8e452","R3D1BW",0.0140990017495112,"CONTROL","D1","Wastewater_Control",100,"d__Bacteria","Bacteroidota","Bacteroidia","Sphingobacteriales","NS11-12_marine_group","NS11-12_marine_group"
"80","03b8108cd068fb455723194ee5c8e452","R2D1BW",0.0135828657451759,"CONTROL","D1","Wastewater_Control",100,"d__Bacteria","Bacteroidota","Bacteroidia","Sphingobacteriales","NS11-12_marine_group","NS11-12_marine_group"
"81","03b8108cd068fb455723194ee5c8e452","MBSF2",0.0128726994398636,"LRV_0_1","D1","Wastewater_Daphnia",100,"d__Bacteria","Bacteroidota","Bacteroidia","Sphingobacteriales","NS11-12_marine_group","NS11-12_marine_group"
"82","03b8108cd068fb455723194ee5c8e452","MBSF6",0.0084631277813096,"LRV_0_1","D2","Wastewater_Daphnia",100,"d__Bacteria","Bacteroidota","Bacteroidia","Sphingobacteriales","NS11-12_marine_group","NS11-12_marine_group"
"83","03b8108cd068fb455723194ee5c8e452","R1D3BW",0.00397891871138878,"CONTROL","D3","Wastewater_Control",100,"d__Bacteria","Bacteroidota","Bacteroidia","Sphingobacteriales","NS11-12_marine_group","NS11-12_marine_group"
"84","03b8108cd068fb455723194ee5c8e452","MBSF1",0.00124470029950601,"LRV_0_1","D1","Wastewater_Daphnia",100,"d__Bacteria","Bacteroidota","Bacteroidia","Sphingobacteriales","NS11-12_marine_group","NS11-12_marine_group"
"85","03b8108cd068fb455723194ee5c8e452","R1D2BW",0.000346356331393738,"CONTROL","D2","Wastewater_Control",100,"d__Bacteria","Bacteroidota","Bacteroidia","Sphingobacteriales","NS11-12_marine_group","NS11-12_marine_group"
"86","03b8108cd068fb455723194ee5c8e452","MBSF4",0.000311380974622451,"LRV_0_1","D2","Wastewater_Daphnia",100,"d__Bacteria","Bacteroidota","Bacteroidia","Sphingobacteriales","NS11-12_marine_group","NS11-12_marine_group"
"87","03b8108cd068fb455723194ee5c8e452","R1D1BW",0.000305075696907295,"CONTROL","D1","Wastewater_Control",100,"d__Bacteria","Bacteroidota","Bacteroidia","Sphingobacteriales","NS11-12_marine_group","NS11-12_marine_group"
"88","e63635d7ee1b269910178a8853e38d2b","R2D1BW",0.055665799917887,"CONTROL","D1","Wastewater_Control",100,"d__Bacteria","Proteobacteria","Alphaproteobacteria","Sphingomonadales","Sphingomonadaceae","Novosphingobium"
"89","e63635d7ee1b269910178a8853e38d2b","R3D1BW",0.0542691502864396,"CONTROL","D1","Wastewater_Control",100,"d__Bacteria","Proteobacteria","Alphaproteobacteria","Sphingomonadales","Sphingomonadaceae","Novosphingobium"
"90","e63635d7ee1b269910178a8853e38d2b","R2D2BW",0.0471624065795311,"CONTROL","D2","Wastewater_Control",100,"d__Bacteria","Proteobacteria","Alphaproteobacteria","Sphingomonadales","Sphingomonadaceae","Novosphingobium"
"91","e63635d7ee1b269910178a8853e38d2b","R3D3BW",0.0433505803384142,"CONTROL","D3","Wastewater_Control",100,"d__Bacteria","Proteobacteria","Alphaproteobacteria","Sphingomonadales","Sphingomonadaceae","Novosphingobium"
"92","e63635d7ee1b269910178a8853e38d2b","R2D3BW",0.0430197933088107,"CONTROL","D3","Wastewater_Control",100,"d__Bacteria","Proteobacteria","Alphaproteobacteria","Sphingomonadales","Sphingomonadaceae","Novosphingobium"
"93","e63635d7ee1b269910178a8853e38d2b","MBSF3",0.0279824312836498,"LRV_0_1","D1","Wastewater_Daphnia",100,"d__Bacteria","Proteobacteria","Alphaproteobacteria","Sphingomonadales","Sphingomonadaceae","Novosphingobium"
"94","e63635d7ee1b269910178a8853e38d2b","R1D3BW",0.0273288890440124,"CONTROL","D3","Wastewater_Control",100,"d__Bacteria","Proteobacteria","Alphaproteobacteria","Sphingomonadales","Sphingomonadaceae","Novosphingobium"
"95","e63635d7ee1b269910178a8853e38d2b","MBSF2",0.0158299412030755,"LRV_0_1","D1","Wastewater_Daphnia",100,"d__Bacteria","Proteobacteria","Alphaproteobacteria","Sphingomonadales","Sphingomonadaceae","Novosphingobium"
"96","e63635d7ee1b269910178a8853e38d2b","MBSF1",0.0119024466140262,"LRV_0_1","D1","Wastewater_Daphnia",100,"d__Bacteria","Proteobacteria","Alphaproteobacteria","Sphingomonadales","Sphingomonadaceae","Novosphingobium"
"97","e63635d7ee1b269910178a8853e38d2b","MBSF7",0.00992356175405659,"LRV_0_1","D3","Wastewater_Daphnia",100,"d__Bacteria","Proteobacteria","Alphaproteobacteria","Sphingomonadales","Sphingomonadaceae","Novosphingobium"
"98","e63635d7ee1b269910178a8853e38d2b","MBSF9",0.00958116616479606,"LRV_0_1","D3","Wastewater_Daphnia",100,"d__Bacteria","Proteobacteria","Alphaproteobacteria","Sphingomonadales","Sphingomonadaceae","Novosphingobium"
"99","e63635d7ee1b269910178a8853e38d2b","MBSF5",0.00946226632817909,"LRV_0_1","D2","Wastewater_Daphnia",100,"d__Bacteria","Proteobacteria","Alphaproteobacteria","Sphingomonadales","Sphingomonadaceae","Novosphingobium"
"100","e63635d7ee1b269910178a8853e38d2b","MBSF8",0.00934249065750934,"LRV_0_1","D3","Wastewater_Daphnia",100,"d__Bacteria","Proteobacteria","Alphaproteobacteria","Sphingomonadales","Sphingomonadaceae","Novosphingobium"
"101","e63635d7ee1b269910178a8853e38d2b","R1D2BW",0.00917844278193405,"CONTROL","D2","Wastewater_Control",100,"d__Bacteria","Proteobacteria","Alphaproteobacteria","Sphingomonadales","Sphingomonadaceae","Novosphingobium"
"102","e63635d7ee1b269910178a8853e38d2b","MBSF6",0.00886045772409409,"LRV_0_1","D2","Wastewater_Daphnia",100,"d__Bacteria","Proteobacteria","Alphaproteobacteria","Sphingomonadales","Sphingomonadaceae","Novosphingobium"
"103","e63635d7ee1b269910178a8853e38d2b","R1D1BW",0.00884719521031156,"CONTROL","D1","Wastewater_Control",100,"d__Bacteria","Proteobacteria","Alphaproteobacteria","Sphingomonadales","Sphingomonadaceae","Novosphingobium"
"104","e63635d7ee1b269910178a8853e38d2b","MBSF4",0.00381441693912502,"LRV_0_1","D2","Wastewater_Daphnia",100,"d__Bacteria","Proteobacteria","Alphaproteobacteria","Sphingomonadales","Sphingomonadaceae","Novosphingobium"
"105","e63635d7ee1b269910178a8853e38d2b","R3D2BW8532",0.00187675946199562,"CONTROL","D2","Wastewater_Control",100,"d__Bacteria","Proteobacteria","Alphaproteobacteria","Sphingomonadales","Sphingomonadaceae","Novosphingobium"
"106","d0191770f0c1f13a39299d4a4b2cef14","R1D2BW",0.173870878359656,"CONTROL","D2","Wastewater_Control",100,"d__Bacteria","Proteobacteria","Gammaproteobacteria","Burkholderiales","Burkholderiaceae","Polynucleobacter"
"107","d0191770f0c1f13a39299d4a4b2cef14","R1D3BW",0.102649122194688,"CONTROL","D3","Wastewater_Control",100,"d__Bacteria","Proteobacteria","Gammaproteobacteria","Burkholderiales","Burkholderiaceae","Polynucleobacter"
"108","d0191770f0c1f13a39299d4a4b2cef14","MBSF4",0.098668846333489,"LRV_0_1","D2","Wastewater_Daphnia",100,"d__Bacteria","Proteobacteria","Gammaproteobacteria","Burkholderiales","Burkholderiaceae","Polynucleobacter"
"109","d0191770f0c1f13a39299d4a4b2cef14","R3D3BW",0.0922947839463012,"CONTROL","D3","Wastewater_Control",100,"d__Bacteria","Proteobacteria","Gammaproteobacteria","Burkholderiales","Burkholderiaceae","Polynucleobacter"
"110","d0191770f0c1f13a39299d4a4b2cef14","R2D1BW",0.0808471328862734,"CONTROL","D1","Wastewater_Control",100,"d__Bacteria","Proteobacteria","Gammaproteobacteria","Burkholderiales","Burkholderiaceae","Polynucleobacter"
"111","d0191770f0c1f13a39299d4a4b2cef14","R3D1BW",0.0739597269390415,"CONTROL","D1","Wastewater_Control",100,"d__Bacteria","Proteobacteria","Gammaproteobacteria","Burkholderiales","Burkholderiaceae","Polynucleobacter"
"112","d0191770f0c1f13a39299d4a4b2cef14","MBSF6",0.0671090273363001,"LRV_0_1","D2","Wastewater_Daphnia",100,"d__Bacteria","Proteobacteria","Gammaproteobacteria","Burkholderiales","Burkholderiaceae","Polynucleobacter"
"113","d0191770f0c1f13a39299d4a4b2cef14","MBSF1",0.0595511299544906,"LRV_0_1","D1","Wastewater_Daphnia",100,"d__Bacteria","Proteobacteria","Gammaproteobacteria","Burkholderiales","Burkholderiaceae","Polynucleobacter"
"114","d0191770f0c1f13a39299d4a4b2cef14","R2D2BW",0.058628809336928,"CONTROL","D2","Wastewater_Control",100,"d__Bacteria","Proteobacteria","Gammaproteobacteria","Burkholderiales","Burkholderiaceae","Polynucleobacter"
"115","d0191770f0c1f13a39299d4a4b2cef14","MBSF2",0.0584490136728943,"LRV_0_1","D1","Wastewater_Daphnia",100,"d__Bacteria","Proteobacteria","Gammaproteobacteria","Burkholderiales","Burkholderiaceae","Polynucleobacter"
"116","d0191770f0c1f13a39299d4a4b2cef14","R2D3BW",0.055035908215099,"CONTROL","D3","Wastewater_Control",100,"d__Bacteria","Proteobacteria","Gammaproteobacteria","Burkholderiales","Burkholderiaceae","Polynucleobacter"
"117","d0191770f0c1f13a39299d4a4b2cef14","R1D1BW",0.0482019601113526,"CONTROL","D1","Wastewater_Control",100,"d__Bacteria","Proteobacteria","Gammaproteobacteria","Burkholderiales","Burkholderiaceae","Polynucleobacter"
"118","d0191770f0c1f13a39299d4a4b2cef14","MBSF5",0.0345411185475806,"LRV_0_1","D2","Wastewater_Daphnia",100,"d__Bacteria","Proteobacteria","Gammaproteobacteria","Burkholderiales","Burkholderiaceae","Polynucleobacter"
"119","d0191770f0c1f13a39299d4a4b2cef14","MBSF3",0.0333309719467271,"LRV_0_1","D1","Wastewater_Daphnia",100,"d__Bacteria","Proteobacteria","Gammaproteobacteria","Burkholderiales","Burkholderiaceae","Polynucleobacter"
"120","d0191770f0c1f13a39299d4a4b2cef14","MBSF7",0.0324080282508605,"LRV_0_1","D3","Wastewater_Daphnia",100,"d__Bacteria","Proteobacteria","Gammaproteobacteria","Burkholderiales","Burkholderiaceae","Polynucleobacter"
"121","d0191770f0c1f13a39299d4a4b2cef14","MBSF8",0.0311584688415312,"LRV_0_1","D3","Wastewater_Daphnia",100,"d__Bacteria","Proteobacteria","Gammaproteobacteria","Burkholderiales","Burkholderiaceae","Polynucleobacter"
"122","d0191770f0c1f13a39299d4a4b2cef14","MBSF9",0.0186695866411169,"LRV_0_1","D3","Wastewater_Daphnia",100,"d__Bacteria","Proteobacteria","Gammaproteobacteria","Burkholderiales","Burkholderiaceae","Polynucleobacter"
"123","0cc7a7cb9a00ef49ad0412bd455de9c9","MBSF6",0.244516846789574,"LRV_0_1","D2","Wastewater_Daphnia",100,"d__Bacteria","Bacteroidota","Bacteroidia","Cytophagales","Spirosomaceae","Pseudarcicella"
"124","0cc7a7cb9a00ef49ad0412bd455de9c9","R1D2BW",0.240717650318648,"CONTROL","D2","Wastewater_Control",100,"d__Bacteria","Bacteroidota","Bacteroidia","Cytophagales","Spirosomaceae","Pseudarcicella"
"125","0cc7a7cb9a00ef49ad0412bd455de9c9","MBSF9",0.215275116342732,"LRV_0_1","D3","Wastewater_Daphnia",100,"d__Bacteria","Bacteroidota","Bacteroidia","Cytophagales","Spirosomaceae","Pseudarcicella"
"126","0cc7a7cb9a00ef49ad0412bd455de9c9","MBSF7",0.214518796656385,"LRV_0_1","D3","Wastewater_Daphnia",100,"d__Bacteria","Bacteroidota","Bacteroidia","Cytophagales","Spirosomaceae","Pseudarcicella"
"127","0cc7a7cb9a00ef49ad0412bd455de9c9","R1D3BW",0.20090049212942,"CONTROL","D3","Wastewater_Control",100,"d__Bacteria","Bacteroidota","Bacteroidia","Cytophagales","Spirosomaceae","Pseudarcicella"
"128","0cc7a7cb9a00ef49ad0412bd455de9c9","MBSF8",0.182052317947682,"LRV_0_1","D3","Wastewater_Daphnia",100,"d__Bacteria","Bacteroidota","Bacteroidia","Cytophagales","Spirosomaceae","Pseudarcicella"
"129","0cc7a7cb9a00ef49ad0412bd455de9c9","MBSF4",0.15277129067414,"LRV_0_1","D2","Wastewater_Daphnia",100,"d__Bacteria","Bacteroidota","Bacteroidia","Cytophagales","Spirosomaceae","Pseudarcicella"
"130","0cc7a7cb9a00ef49ad0412bd455de9c9","MBSF3",0.142852082742987,"LRV_0_1","D1","Wastewater_Daphnia",100,"d__Bacteria","Bacteroidota","Bacteroidia","Cytophagales","Spirosomaceae","Pseudarcicella"
"131","0cc7a7cb9a00ef49ad0412bd455de9c9","R3D1BW",0.139480635312682,"CONTROL","D1","Wastewater_Control",100,"d__Bacteria","Bacteroidota","Bacteroidia","Cytophagales","Spirosomaceae","Pseudarcicella"
"132","0cc7a7cb9a00ef49ad0412bd455de9c9","MBSF5",0.127855988922225,"LRV_0_1","D2","Wastewater_Daphnia",100,"d__Bacteria","Bacteroidota","Bacteroidia","Cytophagales","Spirosomaceae","Pseudarcicella"
"133","0cc7a7cb9a00ef49ad0412bd455de9c9","R2D1BW",0.127685780758177,"CONTROL","D1","Wastewater_Control",100,"d__Bacteria","Bacteroidota","Bacteroidia","Cytophagales","Spirosomaceae","Pseudarcicella"
"134","0cc7a7cb9a00ef49ad0412bd455de9c9","R2D2BW",0.125618537351124,"CONTROL","D2","Wastewater_Control",100,"d__Bacteria","Bacteroidota","Bacteroidia","Cytophagales","Spirosomaceae","Pseudarcicella"
"135","0cc7a7cb9a00ef49ad0412bd455de9c9","R2D3BW",0.120756699947451,"CONTROL","D3","Wastewater_Control",100,"d__Bacteria","Bacteroidota","Bacteroidia","Cytophagales","Spirosomaceae","Pseudarcicella"
"136","0cc7a7cb9a00ef49ad0412bd455de9c9","R3D3BW",0.11190742553489,"CONTROL","D3","Wastewater_Control",100,"d__Bacteria","Bacteroidota","Bacteroidia","Cytophagales","Spirosomaceae","Pseudarcicella"
"137","0cc7a7cb9a00ef49ad0412bd455de9c9","MBSF1",0.0999649928040764,"LRV_0_1","D1","Wastewater_Daphnia",100,"d__Bacteria","Bacteroidota","Bacteroidia","Cytophagales","Spirosomaceae","Pseudarcicella"
"138","0cc7a7cb9a00ef49ad0412bd455de9c9","MBSF2",0.0878126848276102,"LRV_0_1","D1","Wastewater_Daphnia",100,"d__Bacteria","Bacteroidota","Bacteroidia","Cytophagales","Spirosomaceae","Pseudarcicella"
"139","0cc7a7cb9a00ef49ad0412bd455de9c9","R1D1BW",0.0477062121038783,"CONTROL","D1","Wastewater_Control",100,"d__Bacteria","Bacteroidota","Bacteroidia","Cytophagales","Spirosomaceae","Pseudarcicella"
"140","0d086aed8452bb8b5639ae2f16ea3706","R1D3BW",0.304038253464102,"CONTROL","D3","Wastewater_Control",100,"d__Bacteria","Proteobacteria","Alphaproteobacteria","Sphingomonadales","Sphingomonadaceae","Sphingorhabdus"
"141","0d086aed8452bb8b5639ae2f16ea3706","R1D2BW",0.164934885009698,"CONTROL","D2","Wastewater_Control",100,"d__Bacteria","Proteobacteria","Alphaproteobacteria","Sphingomonadales","Sphingomonadaceae","Sphingorhabdus"
"142","0d086aed8452bb8b5639ae2f16ea3706","R2D1BW",0.128438483645819,"CONTROL","D1","Wastewater_Control",100,"d__Bacteria","Proteobacteria","Alphaproteobacteria","Sphingomonadales","Sphingomonadaceae","Sphingorhabdus"
"143","0d086aed8452bb8b5639ae2f16ea3706","R2D2BW",0.122478927072313,"CONTROL","D2","Wastewater_Control",100,"d__Bacteria","Proteobacteria","Alphaproteobacteria","Sphingomonadales","Sphingomonadaceae","Sphingorhabdus"
"144","0d086aed8452bb8b5639ae2f16ea3706","R2D3BW",0.120266246277807,"CONTROL","D3","Wastewater_Control",100,"d__Bacteria","Proteobacteria","Alphaproteobacteria","Sphingomonadales","Sphingomonadaceae","Sphingorhabdus"
"145","0d086aed8452bb8b5639ae2f16ea3706","R3D1BW",0.119755754519571,"CONTROL","D1","Wastewater_Control",100,"d__Bacteria","Proteobacteria","Alphaproteobacteria","Sphingomonadales","Sphingomonadaceae","Sphingorhabdus"
"146","0d086aed8452bb8b5639ae2f16ea3706","R3D3BW",0.117780729967837,"CONTROL","D3","Wastewater_Control",100,"d__Bacteria","Proteobacteria","Alphaproteobacteria","Sphingomonadales","Sphingomonadaceae","Sphingorhabdus"
"147","0d086aed8452bb8b5639ae2f16ea3706","MBSF3",0.109202323604421,"LRV_0_1","D1","Wastewater_Daphnia",100,"d__Bacteria","Proteobacteria","Alphaproteobacteria","Sphingomonadales","Sphingomonadaceae","Sphingorhabdus"
"148","0d086aed8452bb8b5639ae2f16ea3706","MBSF2",0.0784886755036009,"LRV_0_1","D1","Wastewater_Daphnia",100,"d__Bacteria","Proteobacteria","Alphaproteobacteria","Sphingomonadales","Sphingomonadaceae","Sphingorhabdus"
"149","0d086aed8452bb8b5639ae2f16ea3706","MBSF1",0.0752265743513945,"LRV_0_1","D1","Wastewater_Daphnia",100,"d__Bacteria","Proteobacteria","Alphaproteobacteria","Sphingomonadales","Sphingomonadaceae","Sphingorhabdus"
"150","0d086aed8452bb8b5639ae2f16ea3706","R1D1BW",0.0588414750409945,"CONTROL","D1","Wastewater_Control",100,"d__Bacteria","Proteobacteria","Alphaproteobacteria","Sphingomonadales","Sphingomonadaceae","Sphingorhabdus"
"151","0d086aed8452bb8b5639ae2f16ea3706","MBSF7",0.0567699253497832,"LRV_0_1","D3","Wastewater_Daphnia",100,"d__Bacteria","Proteobacteria","Alphaproteobacteria","Sphingomonadales","Sphingomonadaceae","Sphingorhabdus"
"152","0d086aed8452bb8b5639ae2f16ea3706","MBSF8",0.0542369457630542,"LRV_0_1","D3","Wastewater_Daphnia",100,"d__Bacteria","Proteobacteria","Alphaproteobacteria","Sphingomonadales","Sphingomonadaceae","Sphingorhabdus"
"153","0d086aed8452bb8b5639ae2f16ea3706","MBSF9",0.0507528059129483,"LRV_0_1","D3","Wastewater_Daphnia",100,"d__Bacteria","Proteobacteria","Alphaproteobacteria","Sphingomonadales","Sphingomonadaceae","Sphingorhabdus"
"154","0d086aed8452bb8b5639ae2f16ea3706","MBSF6",0.0452558804831532,"LRV_0_1","D2","Wastewater_Daphnia",100,"d__Bacteria","Proteobacteria","Alphaproteobacteria","Sphingomonadales","Sphingomonadaceae","Sphingorhabdus"
"155","0d086aed8452bb8b5639ae2f16ea3706","MBSF4",0.0365094192744823,"LRV_0_1","D2","Wastewater_Daphnia",100,"d__Bacteria","Proteobacteria","Alphaproteobacteria","Sphingomonadales","Sphingomonadaceae","Sphingorhabdus"
"156","0d086aed8452bb8b5639ae2f16ea3706","MBSF5",0.0331179321486268,"LRV_0_1","D2","Wastewater_Daphnia",100,"d__Bacteria","Proteobacteria","Alphaproteobacteria","Sphingomonadales","Sphingomonadaceae","Sphingorhabdus"
"157","Other","R3D2BW8532",0.468877072255239,"CONTROL","D2","Wastewater_Control",100,"other","other","other","other","other","other"
"158","Other","MBSF9",0.420093074185601,"LRV_0_1","D3","Wastewater_Daphnia",100,"other","other","other","other","other","other"
"159","Other","MBSF8",0.376527623472377,"LRV_0_1","D3","Wastewater_Daphnia",100,"other","other","other","other","other","other"
"160","Other","MBSF7",0.332349917303652,"LRV_0_1","D3","Wastewater_Daphnia",100,"other","other","other","other","other","other"
"161","Other","MBSF1",0.300050565949667,"LRV_0_1","D1","Wastewater_Daphnia",100,"other","other","other","other","other","other"
"162","Other","MBSF5",0.285906608200631,"LRV_0_1","D2","Wastewater_Daphnia",100,"other","other","other","other","other","other"
"163","Other","MBSF6",0.279998410680229,"LRV_0_1","D2","Wastewater_Daphnia",100,"other","other","other","other","other","other"
"164","Other","MBSF4",0.269149929939281,"LRV_0_1","D2","Wastewater_Daphnia",100,"other","other","other","other","other","other"
"165","Other","R1D1BW",0.246768104335888,"CONTROL","D1","Wastewater_Control",100,"other","other","other","other","other","other"
"166","Other","MBSF2",0.216539679226246,"LRV_0_1","D1","Wastewater_Daphnia",100,"other","other","other","other","other","other"
"167","Other","MBSF3",0.202252762822329,"LRV_0_1","D1","Wastewater_Daphnia",100,"other","other","other","other","other","other"
"168","Other","R1D2BW",0.157522859517872,"CONTROL","D2","Wastewater_Control",100,"other","other","other","other","other","other"
"169","Other","R3D3BW",0.117291287931758,"CONTROL","D3","Wastewater_Control",100,"other","other","other","other","other","other"
"170","Other","R2D1BW",0.0941905022581087,"CONTROL","D1","Wastewater_Control",100,"other","other","other","other","other","other"
"171","Other","R2D3BW",0.0903836048344719,"CONTROL","D3","Wastewater_Control",100,"other","other","other","other","other","other"
"172","Other","R2D2BW",0.0900931645224038,"CONTROL","D2","Wastewater_Control",100,"other","other","other","other","other","other"
"173","Other","R3D1BW",0.0821927206613838,"CONTROL","D1","Wastewater_Control",100,"other","other","other","other","other","other"
"174","Other","R1D3BW",0.0800670133677708,"CONTROL","D3","Wastewater_Control",100,"other","other","other","other","other","other"
"175","58721516903087ef4d78b4c4b5f2b396","R2D3BW",0.383674899281836,"CONTROL","D3","Wastewater_Control",100,"d__Bacteria","Proteobacteria","Gammaproteobacteria","Burkholderiales","Oxalobacteraceae","uncultured"
"176","58721516903087ef4d78b4c4b5f2b396","R2D2BW",0.371463672661502,"CONTROL","D2","Wastewater_Control",100,"d__Bacteria","Proteobacteria","Gammaproteobacteria","Burkholderiales","Oxalobacteraceae","uncultured"
"177","58721516903087ef4d78b4c4b5f2b396","R3D1BW",0.358512572467497,"CONTROL","D1","Wastewater_Control",100,"d__Bacteria","Proteobacteria","Gammaproteobacteria","Burkholderiales","Oxalobacteraceae","uncultured"
"178","58721516903087ef4d78b4c4b5f2b396","R2D1BW",0.342993020391406,"CONTROL","D1","Wastewater_Control",100,"d__Bacteria","Proteobacteria","Gammaproteobacteria","Burkholderiales","Oxalobacteraceae","uncultured"
"179","58721516903087ef4d78b4c4b5f2b396","R3D3BW",0.289889525940428,"CONTROL","D3","Wastewater_Control",100,"d__Bacteria","Proteobacteria","Gammaproteobacteria","Burkholderiales","Oxalobacteraceae","uncultured"
"180","58721516903087ef4d78b4c4b5f2b396","MBSF2",0.251504714191281,"LRV_0_1","D1","Wastewater_Daphnia",100,"d__Bacteria","Proteobacteria","Gammaproteobacteria","Burkholderiales","Oxalobacteraceae","uncultured"
"181","58721516903087ef4d78b4c4b5f2b396","MBSF5",0.215324255711978,"LRV_0_1","D2","Wastewater_Daphnia",100,"d__Bacteria","Proteobacteria","Gammaproteobacteria","Burkholderiales","Oxalobacteraceae","uncultured"
"182","58721516903087ef4d78b4c4b5f2b396","MBSF3",0.208203457069991,"LRV_0_1","D1","Wastewater_Daphnia",100,"d__Bacteria","Proteobacteria","Gammaproteobacteria","Burkholderiales","Oxalobacteraceae","uncultured"
"183","58721516903087ef4d78b4c4b5f2b396","R3D2BW8532",0.162652486706287,"CONTROL","D2","Wastewater_Control",100,"d__Bacteria","Proteobacteria","Gammaproteobacteria","Burkholderiales","Oxalobacteraceae","uncultured"
"184","58721516903087ef4d78b4c4b5f2b396","R1D1BW",0.119399000877093,"CONTROL","D1","Wastewater_Control",100,"d__Bacteria","Proteobacteria","Gammaproteobacteria","Burkholderiales","Oxalobacteraceae","uncultured"
"185","58721516903087ef4d78b4c4b5f2b396","R1D3BW",0.0960175910090398,"CONTROL","D3","Wastewater_Control",100,"d__Bacteria","Proteobacteria","Gammaproteobacteria","Burkholderiales","Oxalobacteraceae","uncultured"
"186","58721516903087ef4d78b4c4b5f2b396","MBSF6",0.0851875397329943,"LRV_0_1","D2","Wastewater_Daphnia",100,"d__Bacteria","Proteobacteria","Gammaproteobacteria","Burkholderiales","Oxalobacteraceae","uncultured"
"187","58721516903087ef4d78b4c4b5f2b396","MBSF1",0.0725815862149442,"LRV_0_1","D1","Wastewater_Daphnia",100,"d__Bacteria","Proteobacteria","Gammaproteobacteria","Burkholderiales","Oxalobacteraceae","uncultured"
"188","58721516903087ef4d78b4c4b5f2b396","MBSF4",0.0722403861124085,"LRV_0_1","D2","Wastewater_Daphnia",100,"d__Bacteria","Proteobacteria","Gammaproteobacteria","Burkholderiales","Oxalobacteraceae","uncultured"
"189","58721516903087ef4d78b4c4b5f2b396","MBSF8",0.0617614382385618,"LRV_0_1","D3","Wastewater_Daphnia",100,"d__Bacteria","Proteobacteria","Gammaproteobacteria","Burkholderiales","Oxalobacteraceae","uncultured"
"190","58721516903087ef4d78b4c4b5f2b396","R1D2BW",0.0530617899695206,"CONTROL","D2","Wastewater_Control",100,"d__Bacteria","Proteobacteria","Gammaproteobacteria","Burkholderiales","Oxalobacteraceae","uncultured"
"191","58721516903087ef4d78b4c4b5f2b396","MBSF7",0.0500201153278798,"LRV_0_1","D3","Wastewater_Daphnia",100,"d__Bacteria","Proteobacteria","Gammaproteobacteria","Burkholderiales","Oxalobacteraceae","uncultured"
"192","58721516903087ef4d78b4c4b5f2b396","MBSF9",0.0282507528059129,"LRV_0_1","D3","Wastewater_Daphnia",100,"d__Bacteria","Proteobacteria","Gammaproteobacteria","Burkholderiales","Oxalobacteraceae","uncultured"
